,Symbol,Maturity,Quarter_Year,Length,Min_Yield,Max_Yield
280,GACGB3M_2021Q2,Australia 3M Yield,2021Q2,50,-0.0114,0.076
537,GCNY2YR_2022Q2,China 2Y Yield,2022Q2,51,2.18,2.34
509,GCNY2YR_2014Q3,China 2Y Yield,2014Q3,51,3.69,3.96
475,GCNY2YR_2006Q1,China 2Y Yield,2006Q1,51,1.773,2.111
556,GCNY30YR_2018Q3,China 30Y Yield,2018Q3,51,3.957,4.269
641,GCNY5YR_2006Q1,China 5Y Yield,2006Q1,51,2.298,2.489
594,GCNY3M_2014Q1,China 3M Yield,2014Q1,51,3.33,5.0
563,GCNY30YR_2020Q2,China 30Y Yield,2020Q2,51,3.196,3.646
426,GCNY10YR_2013Q3,China 10Y Yield,2013Q3,52,3.52,4.15
430,GCNY10YR_2014Q3,China 10Y Yield,2014Q3,52,4.05,4.32
675,GCNY5YR_2014Q3,China 5Y Yield,2014Q3,52,3.91,4.09
706,GCNY5YR_2022Q2,China 5Y Yield,2022Q2,52,2.479,2.662
603,GCNY3M_2016Q2,China 3M Yield,2016Q2,52,2.1,2.65
540,GCNY2YR_2023Q1,China 2Y Yield,2023Q1,52,2.293,2.464
505,GCNY2YR_2013Q3,China 2Y Yield,2013Q3,52,3.03,3.94
448,GCNY10YR_2019Q1,China 10Y Yield,2019Q1,53,3.069,3.229
473,GCNY2YR_2005Q3,China 2Y Yield,2005Q3,53,1.586,2.014
671,GCNY5YR_2013Q3,China 5Y Yield,2013Q3,53,3.27,4.04
553,GCNY30YR_2017Q4,China 30Y Yield,2017Q4,53,4.248,4.402
591,GCNY3M_2013Q2,China 3M Yield,2013Q2,54,2.52,5.0
437,GCNY10YR_2016Q2,China 10Y Yield,2016Q2,54,2.86,3.02
669,GCNY5YR_2013Q1,China 5Y Yield,2013Q1,55,3.2,3.31
697,GCNY5YR_2020Q1,China 5Y Yield,2020Q1,55,2.278,2.917
705,GCNY5YR_2022Q1,China 5Y Yield,2022Q1,55,2.34,2.617
639,GCNY5YR_2005Q3,China 5Y Yield,2005Q3,55,2.383,3.078
550,GCNY30YR_2017Q1,China 30Y Yield,2017Q1,55,3.641,3.943
425,GCNY10YR_2013Q2,China 10Y Yield,2013Q2,56,3.41,3.61
424,GCNY10YR_2013Q1,China 10Y Yield,2013Q1,56,3.57,3.62
566,GCNY30YR_2021Q1,China 30Y Yield,2021Q1,56,3.709,3.812
452,GCNY10YR_2020Q1,China 10Y Yield,2020Q1,56,2.533,3.146
504,GCNY2YR_2013Q2,China 2Y Yield,2013Q2,56,2.97,3.49
503,GCNY2YR_2013Q1,China 2Y Yield,2013Q1,56,3.05,3.11
670,GCNY5YR_2013Q2,China 5Y Yield,2013Q2,56,3.07,3.49
597,GCNY3M_2014Q4,China 3M Yield,2014Q4,56,2.8,4.46
590,GCNY3M_2013Q1,China 3M Yield,2013Q1,56,2.6,2.81
598,GCNY3M_2015Q1,China 3M Yield,2015Q1,57,3.05,4.04
420,GCNY10YR_2012Q1,China 10Y Yield,2012Q1,57,3.4,3.58
408,GCNY10YR_2009Q1,China 10Y Yield,2009Q1,57,2.7,3.29
416,GCNY10YR_2011Q1,China 10Y Yield,2011Q1,57,3.83,4.14
436,GCNY10YR_2016Q1,China 10Y Yield,2016Q1,57,2.77,2.95
665,GCNY5YR_2012Q1,China 5Y Yield,2012Q1,57,3.01,3.23
573,GCNY30YR_2022Q4,China 30Y Yield,2022Q4,57,3.102,3.297
645,GCNY5YR_2007Q1,China 5Y Yield,2007Q1,57,2.566,2.91
575,GCNY30YR_2023Q2,China 30Y Yield,2023Q2,57,3.008,3.247
689,GCNY5YR_2018Q1,China 5Y Yield,2018Q1,57,3.609,3.959
653,GCNY5YR_2009Q1,China 5Y Yield,2009Q1,57,1.78,2.65
873,GJGB2_2014Q1,Japan 2Y Yield,2014Q1,57,0.07,0.105
664,GCNY5YR_2011Q4,China 5Y Yield,2011Q4,57,3.02,3.64
552,GCNY30YR_2017Q3,China 30Y Yield,2017Q3,57,3.977,4.282
562,GCNY30YR_2020Q1,China 30Y Yield,2020Q1,57,3.143,3.734
487,GCNY2YR_2009Q1,China 2Y Yield,2009Q1,57,1.17,1.61
479,GCNY2YR_2007Q1,China 2Y Yield,2007Q1,57,2.177,2.4
400,GCNY10YR_2007Q1,China 10Y Yield,2007Q1,57,3.023,3.4
1029,GJGB5_2003Q1,Japan 5Y Yield,2003Q1,58,0.245,0.314
1073,GJGB5_2014Q1,Japan 5Y Yield,2014Q1,58,0.172,0.226
1013,GJGB30_2024Q1,Japan 30Y Yield,2024Q1,58,1.577,1.852
1113,GJGB5_2024Q1,Japan 5Y Yield,2024Q1,58,0.169,0.39
1093,GJGB5_2019Q1,Japan 5Y Yield,2019Q1,58,-0.195,-0.135
1129,GJTB3MO_2003Q1,Japan 3M Yield,2003Q1,58,0.001,0.014
449,GCNY10YR_2019Q2,China 10Y Yield,2019Q2,58,3.148,3.435
460,GCNY10YR_2022Q1,China 10Y Yield,2022Q1,58,2.677,2.859
541,GCNY2YR_2023Q2,China 2Y Yield,2023Q2,58,2.089,2.398
532,GCNY2YR_2021Q1,China 2Y Yield,2021Q1,58,2.537,2.873
1125,GJTB3MO_2002Q1,Japan 3M Yield,2002Q1,58,0.001,0.013
412,GCNY10YR_2010Q1,China 10Y Yield,2010Q1,58,3.37,3.7
666,GCNY5YR_2012Q2,China 5Y Yield,2012Q2,58,2.67,3.16
869,GJGB2_2013Q1,Japan 2Y Yield,2013Q1,58,0.025,0.098
586,GCNY3M_2012Q1,China 3M Yield,2012Q1,58,2.26,3.18
657,GCNY5YR_2010Q1,China 5Y Yield,2010Q1,58,2.73,3.03
661,GCNY5YR_2011Q1,China 5Y Yield,2011Q1,58,3.42,3.73
913,GJGB2_2024Q1,Japan 2Y Yield,2024Q1,58,0.002,0.204
602,GCNY3M_2016Q1,China 3M Yield,2016Q1,58,2.1,2.42
701,GCNY5YR_2021Q1,China 5Y Yield,2021Q1,58,2.887,3.113
929,GJGB30_2003Q1,Japan 30Y Yield,2003Q1,58,1.245,1.72
969,GJGB30_2013Q1,Japan 30Y Yield,2013Q1,58,1.506,2.014
925,GJGB30_2002Q1,Japan 30Y Yield,2002Q1,58,2.443,2.762
893,GJGB2_2019Q1,Japan 2Y Yield,2019Q1,58,-0.18,-0.136
897,GJGB2_2020Q1,Japan 2Y Yield,2020Q1,58,-0.306,-0.117
813,GJGB10_2024Q1,Japan 10Y Yield,2024Q1,58,0.57,0.786
825,GJGB2_2002Q1,Japan 2Y Yield,2002Q1,58,0.05,0.165
725,GJGB10_2002Q1,Japan 10Y Yield,2002Q1,58,1.385,1.564
793,GJGB10_2019Q1,Japan 10Y Yield,2019Q1,58,-0.09,0.032
1197,GJTB3MO_2020Q1,Japan 3M Yield,2020Q1,58,-0.4396,-0.0995
1169,GJTB3MO_2013Q1,Japan 3M Yield,2013Q1,58,0.04,0.1
498,GCNY2YR_2011Q4,China 2Y Yield,2011Q4,58,2.84,3.72
500,GCNY2YR_2012Q2,China 2Y Yield,2012Q2,58,2.35,2.93
1173,GJTB3MO_2014Q1,Japan 3M Yield,2014Q1,58,0.0211,0.0652
1193,GJTB3MO_2019Q1,Japan 3M Yield,2019Q1,58,-0.2799,-0.1196
773,GJGB10_2014Q1,Japan 10Y Yield,2014Q1,58,0.58,0.727
710,GCNY5YR_2023Q2,China 5Y Yield,2023Q2,58,2.389,2.687
797,GJGB10_2020Q1,Japan 10Y Yield,2020Q1,58,-0.163,0.083
769,GJGB10_2013Q1,Japan 10Y Yield,2013Q1,58,0.513,0.836
713,GCNY5YR_2024Q1,China 5Y Yield,2024Q1,58,2.188,2.432
729,GJGB10_2003Q1,Japan 10Y Yield,2003Q1,58,0.709,0.914
829,GJGB2_2003Q1,Japan 2Y Yield,2003Q1,58,0.05,0.071
683,GCNY5YR_2016Q3,China 5Y Yield,2016Q3,58,2.47,2.7
495,GCNY2YR_2011Q1,China 2Y Yield,2011Q1,58,3.23,3.4
515,GCNY2YR_2016Q1,China 2Y Yield,2016Q1,58,2.32,2.64
529,GCNY2YR_2020Q2,China 2Y Yield,2020Q2,58,1.33,2.358
468,GCNY10YR_2024Q1,China 10Y Yield,2024Q1,58,2.281,2.566
491,GCNY2YR_2010Q1,China 2Y Yield,2010Q1,58,1.95,2.36
1069,GJGB5_2013Q1,Japan 5Y Yield,2013Q1,58,0.103,0.207
456,GCNY10YR_2021Q1,China 10Y Yield,2021Q1,58,3.113,3.284
570,GCNY30YR_2022Q1,China 30Y Yield,2022Q1,58,3.253,3.404
997,GJGB30_2020Q1,Japan 30Y Yield,2020Q1,58,0.251,0.476
973,GJGB30_2014Q1,Japan 30Y Yield,2014Q1,58,1.579,1.725
993,GJGB30_2019Q1,Japan 30Y Yield,2019Q1,58,0.496,0.708
421,GCNY10YR_2012Q2,China 10Y Yield,2012Q2,58,3.32,3.56
578,GCNY30YR_2024Q1,China 30Y Yield,2024Q1,58,2.443,2.839
1025,GJGB5_2002Q1,Japan 5Y Yield,2002Q1,58,0.504,0.71
544,GCNY2YR_2024Q1,China 2Y Yield,2024Q1,58,1.909,2.265
1213,GJTB3MO_2024Q1,Japan 3M Yield,2024Q1,58,-0.2247,0.0053
1097,GJGB5_2020Q1,Japan 5Y Yield,2020Q1,58,-0.301,-0.052
405,GCNY10YR_2008Q2,China 10Y Yield,2008Q2,59,4.05,4.54
579,GCNY30YR_2024Q2,China 30Y Yield,2024Q2,59,2.415,2.581
404,GCNY10YR_2008Q1,China 10Y Yield,2008Q1,59,4.09,4.47
444,GCNY10YR_2018Q1,China 10Y Yield,2018Q1,59,3.735,3.979
419,GCNY10YR_2011Q4,China 10Y Yield,2011Q4,59,3.44,3.79
994,GJGB30_2019Q2,Japan 30Y Yield,2019Q2,59,0.305,0.596
989,GJGB30_2018Q1,Japan 30Y Yield,2018Q1,59,0.733,0.85
465,GCNY10YR_2023Q2,China 10Y Yield,2023Q2,59,2.623,2.865
464,GCNY10YR_2023Q1,China 10Y Yield,2023Q1,59,2.818,2.928
447,GCNY10YR_2018Q4,China 10Y Yield,2018Q4,59,3.274,3.628
461,GCNY10YR_2022Q2,China 10Y Yield,2022Q2,59,2.743,2.849
1105,GJGB5_2022Q1,Japan 5Y Yield,2022Q1,59,-0.063,0.068
478,GCNY2YR_2006Q4,China 2Y Yield,2006Q4,59,2.085,2.29
1149,GJTB3MO_2008Q1,Japan 3M Yield,2008Q1,59,0.532,0.617
469,GCNY10YR_2024Q2,China 10Y Yield,2024Q2,59,2.21,2.357
1194,GJTB3MO_2019Q2,Japan 3M Yield,2019Q2,59,-0.1996,-0.125
1205,GJTB3MO_2022Q1,Japan 3M Yield,2022Q1,59,-0.1599,-0.0787
698,GCNY5YR_2020Q2,China 5Y Yield,2020Q2,59,1.725,2.67
753,GJGB10_2009Q1,Japan 10Y Yield,2009Q1,59,1.209,1.355
789,GJGB10_2018Q1,Japan 10Y Yield,2018Q1,59,0.024,0.1
714,GCNY5YR_2024Q2,China 5Y Yield,2024Q2,59,1.974,2.22
1189,GJTB3MO_2018Q1,Japan 3M Yield,2018Q1,59,-0.2039,-0.1305
721,GJGB10_2001Q1,Japan 10Y Yield,2001Q1,59,1.051,1.632
253,GACGB3M_2014Q3,Australia 3M Yield,2014Q3,59,2.4732,2.6084
794,GJGB10_2019Q2,Japan 10Y Yield,2019Q2,59,-0.165,-0.006
709,GCNY5YR_2023Q1,China 5Y Yield,2023Q1,59,2.595,2.732
688,GCNY5YR_2017Q4,China 5Y Yield,2017Q4,59,3.643,4.036
749,GJGB10_2008Q1,Japan 10Y Yield,2008Q1,59,1.26,1.494
696,GCNY5YR_2019Q4,China 5Y Yield,2019Q4,59,2.872,3.1
905,GJGB2_2022Q1,Japan 2Y Yield,2022Q1,59,-0.086,-0.009
845,GJGB2_2007Q1,Japan 2Y Yield,2007Q1,59,0.726,0.845
644,GCNY5YR_2006Q4,China 5Y Yield,2006Q4,59,2.526,2.677
640,GCNY5YR_2005Q4,China 5Y Yield,2005Q4,59,2.126,2.937
596,GCNY3M_2014Q3,China 3M Yield,2014Q3,59,3.25,4.02
571,GCNY30YR_2022Q2,China 30Y Yield,2022Q2,59,3.226,3.364
945,GJGB30_2007Q1,Japan 30Y Yield,2007Q1,59,2.244,2.455
411,GCNY10YR_2009Q4,China 10Y Yield,2009Q4,59,3.52,3.76
953,GJGB30_2009Q1,Japan 30Y Yield,2009Q1,59,1.809,2.054
921,GJGB30_2001Q1,Japan 30Y Yield,2001Q1,59,1.669,2.557
894,GJGB2_2019Q2,Japan 2Y Yield,2019Q2,59,-0.232,-0.142
805,GJGB10_2022Q1,Japan 10Y Yield,2022Q1,59,0.086,0.252
745,GJGB10_2007Q1,Japan 10Y Yield,2007Q1,59,1.555,1.76
821,GJGB2_2001Q1,Japan 2Y Yield,2001Q1,59,0.06,0.445
656,GCNY5YR_2009Q4,China 5Y Yield,2009Q4,59,2.93,3.17
682,GCNY5YR_2016Q2,China 5Y Yield,2016Q2,59,2.5,2.8
685,GCNY5YR_2017Q1,China 5Y Yield,2017Q1,59,2.906,3.159
587,GCNY3M_2012Q2,China 3M Yield,2012Q2,59,2.05,3.13
1045,GJGB5_2007Q1,Japan 5Y Yield,2007Q1,59,1.134,1.314
1049,GJGB5_2008Q1,Japan 5Y Yield,2008Q1,59,0.729,0.975
1021,GJGB5_2001Q1,Japan 5Y Yield,2001Q1,59,0.4,0.925
1005,GJGB30_2022Q1,Japan 30Y Yield,2022Q1,59,0.698,1.078
440,GCNY10YR_2017Q1,China 10Y Yield,2017Q1,59,3.117,3.497
1089,GJGB5_2018Q1,Japan 5Y Yield,2018Q1,59,-0.126,-0.064
565,GCNY30YR_2020Q4,China 30Y Yield,2020Q4,59,3.734,3.945
1053,GJGB5_2009Q1,Japan 5Y Yield,2009Q1,59,0.67,0.793
1121,GJTB3MO_2001Q1,Japan 3M Yield,2001Q1,59,0.045,0.455
1145,GJTB3MO_2007Q1,Japan 3M Yield,2007Q1,59,0.43,0.593
490,GCNY2YR_2009Q4,China 2Y Yield,2009Q4,59,1.64,1.9
1153,GJTB3MO_2009Q1,Japan 3M Yield,2009Q1,59,0.184,0.3
483,GCNY2YR_2008Q1,China 2Y Yield,2008Q1,59,3.61,3.98
1094,GJGB5_2019Q2,Japan 5Y Yield,2019Q2,59,-0.262,-0.131
453,GCNY10YR_2020Q2,China 10Y Yield,2020Q2,59,2.477,2.92
484,GCNY2YR_2008Q2,China 2Y Yield,2008Q2,59,3.59,3.78
545,GCNY2YR_2024Q2,China 2Y Yield,2024Q2,59,1.65,1.957
949,GJGB30_2008Q1,Japan 30Y Yield,2008Q1,59,2.253,2.559
650,GCNY5YR_2008Q2,China 5Y Yield,2008Q2,59,3.75,4.09
649,GCNY5YR_2008Q1,China 5Y Yield,2008Q1,59,3.83,4.24
849,GJGB2_2008Q1,Japan 2Y Yield,2008Q1,59,0.507,0.695
853,GJGB2_2009Q1,Japan 2Y Yield,2009Q1,59,0.356,0.435
889,GJGB2_2018Q1,Japan 2Y Yield,2018Q1,59,-0.165,-0.121
533,GCNY2YR_2021Q2,China 2Y Yield,2021Q2,60,2.569,2.773
476,GCNY2YR_2006Q2,China 2Y Yield,2006Q2,60,1.912,2.26
467,GCNY10YR_2023Q4,China 10Y Yield,2023Q4,60,2.561,2.722
1137,GJTB3MO_2005Q1,Japan 3M Yield,2005Q1,60,0.001,0.005
492,GCNY2YR_2010Q2,China 2Y Yield,2010Q2,60,1.87,2.28
531,GCNY2YR_2020Q4,China 2Y Yield,2020Q4,60,2.71,3.119
1161,GJTB3MO_2011Q1,Japan 3M Yield,2011Q1,60,0.108,0.127
1157,GJTB3MO_2010Q1,Japan 3M Yield,2010Q1,60,0.115,0.125
463,GCNY10YR_2022Q4,China 10Y Yield,2022Q4,60,2.648,2.945
403,GCNY10YR_2007Q4,China 10Y Yield,2007Q4,60,4.42,4.59
397,GCNY10YR_2006Q2,China 10Y Yield,2006Q2,60,2.826,3.14
399,GCNY10YR_2006Q4,China 10Y Yield,2006Q4,60,2.899,3.058
401,GCNY10YR_2007Q2,China 10Y Yield,2007Q2,60,3.45,4.44
961,GJGB30_2011Q1,Japan 30Y Yield,2011Q1,60,2.046,2.235
957,GJGB30_2010Q1,Japan 30Y Yield,2010Q1,60,2.265,2.355
577,GCNY30YR_2023Q4,China 30Y Yield,2023Q4,60,2.813,3.015
585,GCNY3M_2011Q4,China 3M Yield,2011Q4,60,2.33,3.43
977,GJGB30_2015Q1,Japan 30Y Yield,2015Q1,60,1.071,1.521
543,GCNY2YR_2023Q4,China 2Y Yield,2023Q4,60,2.197,2.474
549,GCNY30YR_2016Q4,China 30Y Yield,2016Q4,60,3.09,3.911
1001,GJGB30_2021Q1,Japan 30Y Yield,2021Q1,60,0.629,0.757
120,GACGB2_2005Q1,Australia 2Y Yield,2005Q1,60,4.995,5.66
443,GCNY10YR_2017Q4,China 10Y Yield,2017Q4,60,3.654,4.035
1009,GJGB30_2023Q1,Japan 30Y Yield,2023Q1,60,1.116,1.67
413,GCNY10YR_2010Q2,China 10Y Yield,2010Q2,60,3.23,3.54
1057,GJGB5_2010Q1,Japan 5Y Yield,2010Q1,60,0.474,0.564
1077,GJGB5_2015Q1,Japan 5Y Yield,2015Q1,60,0.005,0.152
441,GCNY10YR_2017Q2,China 10Y Yield,2017Q2,60,3.299,3.702
439,GCNY10YR_2016Q4,China 10Y Yield,2016Q4,60,2.657,3.42
1037,GJGB5_2005Q1,Japan 5Y Yield,2005Q1,60,0.514,0.685
1061,GJGB5_2011Q1,Japan 5Y Yield,2011Q1,60,0.425,0.628
20,GACGB10_2005Q1,Australia 10Y Yield,2005Q1,60,5.24,5.761
480,GCNY2YR_2007Q2,China 2Y Yield,2007Q2,60,2.41,3.32
1117,GJTB3MO_2000Q1,Japan 3M Yield,2000Q1,60,0.04,0.181
1109,GJGB5_2023Q1,Japan 5Y Yield,2023Q1,60,0.064,0.334
1101,GJGB5_2021Q1,Japan 5Y Yield,2021Q1,60,-0.116,-0.05
482,GCNY2YR_2007Q4,China 2Y Yield,2007Q4,60,3.51,4.03
455,GCNY10YR_2020Q4,China 10Y Yield,2020Q4,60,3.135,3.36
445,GCNY10YR_2018Q2,China 10Y Yield,2018Q2,60,3.479,3.753
457,GCNY10YR_2021Q2,China 10Y Yield,2021Q2,60,3.066,3.226
901,GJGB2_2021Q1,Japan 2Y Yield,2021Q1,60,-0.141,-0.086
857,GJGB2_2010Q1,Japan 2Y Yield,2010Q1,60,0.15,0.181
876,GJGB2_2014Q4,Japan 2Y Yield,2014Q4,60,-0.038,0.075
589,GCNY3M_2012Q4,China 3M Yield,2012Q4,60,2.65,2.95
648,GCNY5YR_2007Q4,China 5Y Yield,2007Q4,60,3.86,4.27
877,GJGB2_2015Q1,Japan 2Y Yield,2015Q1,60,-0.031,0.052
658,GCNY5YR_2010Q2,China 5Y Yield,2010Q2,60,2.46,2.8
861,GJGB2_2011Q1,Japan 2Y Yield,2011Q1,60,0.175,0.254
646,GCNY5YR_2007Q2,China 5Y Yield,2007Q2,60,2.86,3.84
937,GJGB30_2005Q1,Japan 30Y Yield,2005Q1,60,2.2,2.5
595,GCNY3M_2014Q2,China 3M Yield,2014Q2,60,3.07,3.74
567,GCNY30YR_2021Q2,China 30Y Yield,2021Q2,60,3.564,3.73
909,GJGB2_2023Q1,Japan 2Y Yield,2023Q1,60,-0.079,0.048
642,GCNY5YR_2006Q2,China 5Y Yield,2006Q2,60,2.446,2.709
686,GCNY5YR_2017Q2,China 5Y Yield,2017Q2,60,3.117,3.739
690,GCNY5YR_2018Q2,China 5Y Yield,2018Q2,60,3.03,3.669
837,GJGB2_2005Q1,Japan 2Y Yield,2005Q1,60,0.096,0.145
809,GJGB10_2023Q1,Japan 10Y Yield,2023Q1,60,0.25,0.527
801,GJGB10_2021Q1,Japan 10Y Yield,2021Q1,60,0.011,0.162
315,GACGB5_2005Q1,Australia 5Y Yield,2005Q1,60,5.132,5.746
712,GCNY5YR_2023Q4,China 5Y Yield,2023Q4,60,2.386,2.625
702,GCNY5YR_2021Q2,China 5Y Yield,2021Q2,60,2.884,3.06
708,GCNY5YR_2022Q4,China 5Y Yield,2022Q4,60,2.435,2.763
684,GCNY5YR_2016Q4,China 5Y Yield,2016Q4,60,2.414,3.218
700,GCNY5YR_2020Q4,China 5Y Yield,2020Q4,60,2.935,3.234
757,GJGB10_2010Q1,Japan 10Y Yield,2010Q1,60,1.304,1.408
777,GJGB10_2015Q1,Japan 10Y Yield,2015Q1,60,0.201,0.469
761,GJGB10_2011Q1,Japan 10Y Yield,2011Q1,60,1.164,1.355
737,GJGB10_2005Q1,Japan 10Y Yield,2005Q1,60,1.279,1.529
1177,GJTB3MO_2015Q1,Japan 3M Yield,2015Q1,60,-0.0576,0.02
1201,GJTB3MO_2021Q1,Japan 3M Yield,2021Q1,60,-0.1098,-0.0838
1209,GJTB3MO_2023Q1,Japan 3M Yield,2023Q1,60,-0.285,-0.1195
1206,GJTB3MO_2022Q2,Japan 3M Yield,2022Q2,61,-0.1998,-0.0926
1203,GJTB3MO_2021Q3,Japan 3M Yield,2021Q3,61,-0.1497,-0.0998
1202,GJTB3MO_2021Q2,Japan 3M Yield,2021Q2,61,-0.1348,-0.0868
1199,GJTB3MO_2020Q3,Japan 3M Yield,2020Q3,61,-0.1846,-0.0609
1198,GJTB3MO_2020Q2,Japan 3M Yield,2020Q2,61,-0.1996,-0.0937
13,GACGB10_2003Q2,Australia 10Y Yield,2003Q2,61,4.6,5.53
8,GACGB10_2002Q1,Australia 10Y Yield,2002Q1,61,5.598,6.465
5,GACGB10_2001Q2,Australia 10Y Yield,2001Q2,61,5.243,6.123
1,GACGB10_2000Q2,Australia 10Y Yield,2000Q2,61,6.057,6.612
502,GCNY2YR_2012Q4,China 2Y Yield,2012Q4,61,2.88,3.16
496,GCNY2YR_2011Q2,China 2Y Yield,2011Q2,61,3.13,3.59
1181,GJTB3MO_2016Q1,Japan 3M Yield,2016Q1,61,-0.1979,-0.0206
1180,GJTB3MO_2015Q4,Japan 3M Yield,2015Q4,61,-0.1117,-0.0007
1178,GJTB3MO_2015Q2,Japan 3M Yield,2015Q2,61,-0.0199,0.0052
1176,GJTB3MO_2014Q4,Japan 3M Yield,2014Q4,61,-0.0836,0.0073
1185,GJTB3MO_2017Q1,Japan 3M Yield,2017Q1,61,-0.4077,-0.1957
1184,GJTB3MO_2016Q4,Japan 3M Yield,2016Q4,61,-0.4468,-0.2636
1182,GJTB3MO_2016Q2,Japan 3M Yield,2016Q2,61,-0.4788,-0.0938
29,GACGB10_2007Q2,Australia 10Y Yield,2007Q2,61,5.816,6.298
25,GACGB10_2006Q2,Australia 10Y Yield,2006Q2,61,5.413,5.875
738,GJGB10_2005Q2,Japan 10Y Yield,2005Q2,61,1.174,1.396
736,GJGB10_2004Q4,Japan 10Y Yield,2004Q4,61,1.35,1.594
734,GJGB10_2004Q2,Japan 10Y Yield,2004Q2,61,1.43,1.914
733,GJGB10_2004Q1,Japan 10Y Yield,2004Q1,61,1.2,1.498
732,GJGB10_2003Q4,Japan 10Y Yield,2003Q4,61,1.28,1.541
288,GACGB3M_2023Q2,Australia 3M Yield,2023Q2,61,3.586,4.3463
284,GACGB3M_2022Q2,Australia 3M Yield,2022Q2,61,0.1053,1.6847
279,GACGB3M_2021Q1,Australia 3M Yield,2021Q1,61,-0.0154,0.0465
760,GJGB10_2010Q4,Japan 10Y Yield,2010Q4,61,0.845,1.279
758,GJGB10_2010Q2,Japan 10Y Yield,2010Q2,61,1.091,1.406
756,GJGB10_2009Q4,Japan 10Y Yield,2009Q4,61,1.202,1.478
754,GJGB10_2009Q2,Japan 10Y Yield,2009Q2,61,1.35,1.563
752,GJGB10_2008Q4,Japan 10Y Yield,2008Q4,61,1.174,1.593
776,GJGB10_2014Q4,Japan 10Y Yield,2014Q4,61,0.315,0.533
765,GJGB10_2012Q1,Japan 10Y Yield,2012Q1,61,0.946,1.052
764,GJGB10_2011Q4,Japan 10Y Yield,2011Q4,61,0.949,1.072
762,GJGB10_2011Q2,Japan 10Y Yield,2011Q2,61,1.09,1.338
272,GACGB3M_2019Q2,Australia 3M Yield,2019Q2,61,1.4313,1.7984
264,GACGB3M_2017Q2,Australia 3M Yield,2017Q2,61,1.5474,1.683
785,GJGB10_2017Q1,Japan 10Y Yield,2017Q1,61,0.04,0.116
784,GJGB10_2016Q4,Japan 10Y Yield,2016Q4,61,-0.072,0.09
717,GJGB10_2000Q1,Japan 10Y Yield,2000Q1,61,1.633,1.919
308,GACGB5_2003Q2,Australia 5Y Yield,2003Q2,61,4.223,5.058
303,GACGB5_2002Q1,Australia 5Y Yield,2002Q1,61,5.08,6.105
300,GACGB5_2001Q2,Australia 5Y Yield,2001Q2,61,4.855,5.77
296,GACGB5_2000Q2,Australia 5Y Yield,2000Q2,61,6.01,6.61
741,GJGB10_2006Q1,Japan 10Y Yield,2006Q1,61,1.435,1.79
740,GJGB10_2005Q4,Japan 10Y Yield,2005Q4,61,1.44,1.63
782,GJGB10_2016Q2,Japan 10Y Yield,2016Q2,61,-0.23,-0.047
781,GJGB10_2016Q1,Japan 10Y Yield,2016Q1,61,-0.114,0.262
780,GJGB10_2015Q4,Japan 10Y Yield,2015Q4,61,0.265,0.341
778,GJGB10_2015Q2,Japan 10Y Yield,2015Q2,61,0.29,0.536
806,GJGB10_2022Q2,Japan 10Y Yield,2022Q2,61,0.213,0.259
803,GJGB10_2021Q3,Japan 10Y Yield,2021Q3,61,0.006,0.085
802,GJGB10_2021Q2,Japan 10Y Yield,2021Q2,61,0.035,0.126
799,GJGB10_2020Q3,Japan 10Y Yield,2020Q3,61,0.008,0.059
798,GJGB10_2020Q2,Japan 10Y Yield,2020Q2,61,-0.038,0.052
259,GACGB3M_2016Q1,Australia 3M Yield,2016Q1,61,1.9962,2.0733
254,GACGB3M_2014Q4,Australia 3M Yield,2014Q4,61,2.3832,2.5563
340,GACGB5_2011Q2,Australia 5Y Yield,2011Q2,61,4.6185,5.4088
336,GACGB5_2010Q2,Australia 5Y Yield,2010Q2,61,4.6812,5.5971
327,GACGB5_2008Q1,Australia 5Y Yield,2008Q1,61,5.85,6.843
324,GACGB5_2007Q2,Australia 5Y Yield,2007Q2,61,5.98,6.438
320,GACGB5_2006Q2,Australia 5Y Yield,2006Q2,61,5.375,5.87
312,GACGB5_2004Q2,Australia 5Y Yield,2004Q2,61,5.318,5.856
704,GCNY5YR_2021Q4,China 5Y Yield,2021Q4,61,2.583,2.885
247,GACGB3M_2013Q1,Australia 3M Yield,2013Q1,61,2.8153,2.9823
817,GJGB2_2000Q1,Japan 2Y Yield,2000Q1,61,0.29,0.495
841,GJGB2_2006Q1,Japan 2Y Yield,2006Q1,61,0.245,0.698
840,GJGB2_2005Q4,Japan 2Y Yield,2005Q4,61,0.225,0.336
838,GJGB2_2005Q2,Japan 2Y Yield,2005Q2,61,0.08,0.105
836,GJGB2_2004Q4,Japan 2Y Yield,2004Q4,61,0.09,0.151
834,GJGB2_2004Q2,Japan 2Y Yield,2004Q2,61,0.119,0.261
833,GJGB2_2004Q1,Japan 2Y Yield,2004Q1,61,0.059,0.14
832,GJGB2_2003Q4,Japan 2Y Yield,2003Q4,61,0.1,0.18
244,GACGB3M_2012Q2,Australia 3M Yield,2012Q2,61,2.9559,4.1053
654,GCNY5YR_2009Q2,China 5Y Yield,2009Q2,61,2.35,2.47
240,GACGB3M_2011Q2,Australia 3M Yield,2011Q2,61,4.682,4.918
236,GACGB3M_2010Q2,Australia 3M Yield,2010Q2,61,4.0355,4.4798
858,GJGB2_2010Q2,Japan 2Y Yield,2010Q2,61,0.155,0.176
856,GJGB2_2009Q4,Japan 2Y Yield,2009Q4,61,0.151,0.289
854,GJGB2_2009Q2,Japan 2Y Yield,2009Q2,61,0.312,0.468
852,GJGB2_2008Q4,Japan 2Y Yield,2008Q4,61,0.38,0.852
225,GACGB30_2023Q2,Australia 30Y Yield,2023Q2,61,3.7325,4.354
221,GACGB30_2022Q2,Australia 30Y Yield,2022Q2,61,3.225,4.3625
865,GJGB2_2012Q1,Japan 2Y Yield,2012Q1,61,0.106,0.136
864,GJGB2_2011Q4,Japan 2Y Yield,2011Q4,61,0.12,0.154
359,GACGB5_2016Q1,Australia 5Y Yield,2016Q1,61,1.874,2.247
352,GACGB5_2014Q2,Australia 5Y Yield,2014Q2,61,2.9485,3.5052
347,GACGB5_2013Q1,Australia 5Y Yield,2013Q1,61,2.822,3.3052
344,GACGB5_2012Q2,Australia 5Y Yield,2012Q2,61,2.11,3.609
668,GCNY5YR_2012Q4,China 5Y Yield,2012Q4,61,3.13,3.28
662,GCNY5YR_2011Q2,China 5Y Yield,2011Q2,61,3.39,3.62
660,GCNY5YR_2010Q4,China 5Y Yield,2010Q4,61,2.74,3.73
862,GJGB2_2011Q2,Japan 2Y Yield,2011Q2,61,0.155,0.217
860,GJGB2_2010Q4,Japan 2Y Yield,2010Q4,61,0.12,0.238
885,GJGB2_2017Q1,Japan 2Y Yield,2017Q1,61,-0.291,-0.186
884,GJGB2_2016Q4,Japan 2Y Yield,2016Q4,61,-0.278,-0.1
882,GJGB2_2016Q2,Japan 2Y Yield,2016Q2,61,-0.297,-0.218
881,GJGB2_2016Q1,Japan 2Y Yield,2016Q1,61,-0.24,-0.003
880,GJGB2_2015Q4,Japan 2Y Yield,2015Q4,61,-0.049,0.016
878,GJGB2_2015Q2,Japan 2Y Yield,2015Q2,61,-0.016,0.038
202,GACGB30_2017Q2,Australia 30Y Yield,2017Q2,61,3.261,3.644
193,GACGB2_2023Q2,Australia 2Y Yield,2023Q2,61,2.8313,4.2173
906,GJGB2_2022Q2,Japan 2Y Yield,2022Q2,61,-0.086,-0.024
372,GACGB5_2019Q2,Australia 5Y Yield,2019Q2,61,0.947,1.5638
364,GACGB5_2017Q2,Australia 5Y Yield,2017Q2,61,1.909,2.221
903,GJGB2_2021Q3,Japan 2Y Yield,2021Q3,61,-0.136,-0.1
902,GJGB2_2021Q2,Japan 2Y Yield,2021Q2,61,-0.13,-0.093
899,GJGB2_2020Q3,Japan 2Y Yield,2020Q3,61,-0.147,-0.097
898,GJGB2_2020Q2,Japan 2Y Yield,2020Q2,61,-0.175,-0.102
917,GJGB30_2000Q1,Japan 30Y Yield,2000Q1,61,2.134,2.481
189,GACGB2_2022Q2,Australia 2Y Yield,2022Q2,61,1.8375,3.315
177,GACGB2_2019Q2,Australia 2Y Yield,2019Q2,61,0.9073,1.5223
938,GJGB30_2005Q2,Japan 30Y Yield,2005Q2,61,2.19,2.39
569,GCNY30YR_2021Q4,China 30Y Yield,2021Q4,61,3.308,3.588
388,GACGB5_2023Q2,Australia 5Y Yield,2023Q2,61,2.9088,3.9549
384,GACGB5_2022Q2,Australia 5Y Yield,2022Q2,61,2.625,3.905
601,GCNY3M_2015Q4,China 3M Yield,2015Q4,61,2.11,2.66
599,GCNY3M_2015Q2,China 3M Yield,2015Q2,61,1.85,4.04
593,GCNY3M_2013Q4,China 3M Yield,2013Q4,61,3.26,4.47
936,GJGB30_2004Q4,Japan 30Y Yield,2004Q4,61,2.314,2.57
934,GJGB30_2004Q2,Japan 30Y Yield,2004Q2,61,2.275,2.815
933,GJGB30_2004Q1,Japan 30Y Yield,2004Q1,61,2.0,2.35
932,GJGB30_2003Q4,Japan 30Y Yield,2003Q4,61,2.001,2.5
954,GJGB30_2009Q2,Japan 30Y Yield,2009Q2,61,2.039,2.316
952,GJGB30_2008Q4,Japan 30Y Yield,2008Q4,61,1.739,2.351
941,GJGB30_2006Q1,Japan 30Y Yield,2006Q1,61,2.159,2.409
940,GJGB30_2005Q4,Japan 30Y Yield,2005Q4,61,2.304,2.575
169,GACGB2_2017Q2,Australia 2Y Yield,2017Q2,61,1.546,1.735
164,GACGB2_2016Q1,Australia 2Y Yield,2016Q1,61,1.733,2.054
409,GCNY10YR_2009Q2,China 10Y Yield,2009Q2,61,3.06,3.21
583,GCNY3M_2011Q2,China 3M Yield,2011Q2,61,2.61,3.49
965,GJGB30_2012Q1,Japan 30Y Yield,2012Q1,61,1.891,1.983
964,GJGB30_2011Q4,Japan 30Y Yield,2011Q4,61,1.906,2.005
962,GJGB30_2011Q2,Japan 30Y Yield,2011Q2,61,1.995,2.27
960,GJGB30_2010Q4,Japan 30Y Yield,2010Q4,61,1.804,2.264
958,GJGB30_2010Q2,Japan 30Y Yield,2010Q2,61,1.881,2.27
956,GJGB30_2009Q4,Japan 30Y Yield,2009Q4,61,2.105,2.31
157,GACGB2_2014Q2,Australia 2Y Yield,2014Q2,61,2.5135,2.894
152,GACGB2_2013Q1,Australia 2Y Yield,2013Q1,61,2.629,3.0752
149,GACGB2_2012Q2,Australia 2Y Yield,2012Q2,61,2.054,3.516
145,GACGB2_2011Q2,Australia 2Y Yield,2011Q2,61,4.531,5.0677
985,GJGB30_2017Q1,Japan 30Y Yield,2017Q1,61,0.732,0.925
984,GJGB30_2016Q4,Japan 30Y Yield,2016Q4,61,0.458,0.809
982,GJGB30_2016Q2,Japan 30Y Yield,2016Q2,61,0.064,0.457
981,GJGB30_2016Q1,Japan 30Y Yield,2016Q1,61,0.383,1.268
980,GJGB30_2015Q4,Japan 30Y Yield,2015Q4,61,1.268,1.415
978,GJGB30_2015Q2,Japan 30Y Yield,2015Q2,61,1.274,1.545
976,GJGB30_2014Q4,Japan 30Y Yield,2014Q4,61,1.237,1.654
1003,GJGB30_2021Q3,Japan 30Y Yield,2021Q3,61,0.63,0.695
1002,GJGB30_2021Q2,Japan 30Y Yield,2021Q2,61,0.632,0.705
999,GJGB30_2020Q3,Japan 30Y Yield,2020Q3,61,0.532,0.65
998,GJGB30_2020Q2,Japan 30Y Yield,2020Q2,61,0.396,0.596
141,GACGB2_2010Q2,Australia 2Y Yield,2010Q2,61,4.301,5.0488
132,GACGB2_2008Q1,Australia 2Y Yield,2008Q1,61,5.993,7.08
423,GCNY10YR_2012Q4,China 10Y Yield,2012Q4,61,3.48,3.6
417,GCNY10YR_2011Q2,China 10Y Yield,2011Q2,61,3.84,3.99
415,GCNY10YR_2010Q4,China 10Y Yield,2010Q4,61,3.34,4.02
129,GACGB2_2007Q2,Australia 2Y Yield,2007Q2,61,6.09,6.533
1017,GJGB5_2000Q1,Japan 5Y Yield,2000Q1,61,0.895,1.245
1006,GJGB30_2022Q2,Japan 30Y Yield,2022Q2,61,0.938,1.309
1036,GJGB5_2004Q4,Japan 5Y Yield,2004Q4,61,0.529,0.72
1034,GJGB5_2004Q2,Japan 5Y Yield,2004Q2,61,0.591,0.996
1033,GJGB5_2004Q1,Japan 5Y Yield,2004Q1,61,0.436,0.679
1032,GJGB5_2003Q4,Japan 5Y Yield,2003Q4,61,0.548,0.76
125,GACGB2_2006Q2,Australia 2Y Yield,2006Q2,61,5.32,5.87
117,GACGB2_2004Q2,Australia 2Y Yield,2004Q2,61,5.096,5.504
561,GCNY30YR_2019Q4,China 30Y Yield,2019Q4,61,3.704,3.917
113,GACGB2_2003Q2,Australia 2Y Yield,2003Q2,61,4.043,4.733
1052,GJGB5_2008Q4,Japan 5Y Yield,2008Q4,61,0.689,1.179
1041,GJGB5_2006Q1,Japan 5Y Yield,2006Q1,61,0.795,1.32
1040,GJGB5_2005Q4,Japan 5Y Yield,2005Q4,61,0.735,0.975
1038,GJGB5_2005Q2,Japan 5Y Yield,2005Q2,61,0.41,0.565
108,GACGB2_2002Q1,Australia 2Y Yield,2002Q1,61,4.29,5.695
105,GACGB2_2001Q2,Australia 2Y Yield,2001Q2,61,4.64,5.405
101,GACGB2_2000Q2,Australia 2Y Yield,2000Q2,61,5.84,6.44
1065,GJGB5_2012Q1,Japan 5Y Yield,2012Q1,61,0.288,0.369
1064,GJGB5_2011Q4,Japan 5Y Yield,2011Q4,61,0.308,0.388
1062,GJGB5_2011Q2,Japan 5Y Yield,2011Q2,61,0.385,0.56
1060,GJGB5_2010Q4,Japan 5Y Yield,2010Q4,61,0.209,0.588
1058,GJGB5_2010Q2,Japan 5Y Yield,2010Q2,61,0.354,0.56
1056,GJGB5_2009Q4,Japan 5Y Yield,2009Q4,61,0.44,0.723
1054,GJGB5_2009Q2,Japan 5Y Yield,2009Q2,61,0.715,0.904
1084,GJGB5_2016Q4,Japan 5Y Yield,2016Q4,61,-0.229,-0.04
1082,GJGB5_2016Q2,Japan 5Y Yield,2016Q2,61,-0.315,-0.194
1081,GJGB5_2016Q1,Japan 5Y Yield,2016Q1,61,-0.25,0.029
1080,GJGB5_2015Q4,Japan 5Y Yield,2015Q4,61,0.028,0.07
1078,GJGB5_2015Q2,Japan 5Y Yield,2015Q2,61,0.057,0.154
1076,GJGB5_2014Q4,Japan 5Y Yield,2014Q4,61,0.03,0.175
93,GACGB10_2023Q2,Australia 10Y Yield,2023Q2,61,3.185,4.0261
89,GACGB10_2022Q2,Australia 10Y Yield,2022Q2,61,2.8275,4.2
459,GCNY10YR_2021Q4,China 10Y Yield,2021Q4,61,2.775,3.038
451,GCNY10YR_2019Q4,China 10Y Yield,2019Q4,61,3.11,3.318
1099,GJGB5_2020Q3,Japan 5Y Yield,2020Q3,61,-0.124,-0.067
1098,GJGB5_2020Q2,Japan 5Y Yield,2020Q2,61,-0.161,-0.079
1085,GJGB5_2017Q1,Japan 5Y Yield,2017Q1,61,-0.158,-0.073
1106,GJGB5_2022Q2,Japan 5Y Yield,2022Q2,61,-0.009,0.081
1103,GJGB5_2021Q3,Japan 5Y Yield,2021Q3,61,-0.131,-0.071
1102,GJGB5_2021Q2,Japan 5Y Yield,2021Q2,61,-0.112,-0.078
77,GACGB10_2019Q2,Australia 10Y Yield,2019Q2,61,1.2785,1.9555
69,GACGB10_2017Q2,Australia 10Y Yield,2017Q2,61,2.354,2.682
64,GACGB10_2016Q1,Australia 10Y Yield,2016Q1,61,2.354,2.815
1133,GJTB3MO_2004Q1,Japan 3M Yield,2004Q1,61,0.001,0.013
1132,GJTB3MO_2003Q4,Japan 3M Yield,2003Q4,61,0.001,0.016
1141,GJTB3MO_2006Q1,Japan 3M Yield,2006Q1,61,0.002,0.07
1140,GJTB3MO_2005Q4,Japan 3M Yield,2005Q4,61,0.001,0.003
1138,GJTB3MO_2005Q2,Japan 3M Yield,2005Q2,61,0.001,0.003
1136,GJTB3MO_2004Q4,Japan 3M Yield,2004Q4,61,0.0,0.006
1134,GJTB3MO_2004Q2,Japan 3M Yield,2004Q2,61,0.004,0.016
57,GACGB10_2014Q2,Australia 10Y Yield,2014Q2,61,3.5415,4.1832
494,GCNY2YR_2010Q4,China 2Y Yield,2010Q4,61,2.21,3.41
488,GCNY2YR_2009Q2,China 2Y Yield,2009Q2,61,1.24,1.47
535,GCNY2YR_2021Q4,China 2Y Yield,2021Q4,61,2.358,2.576
52,GACGB10_2013Q1,Australia 10Y Yield,2013Q1,61,3.2765,3.6835
49,GACGB10_2012Q2,Australia 10Y Yield,2012Q2,61,2.7703,4.1277
1165,GJTB3MO_2012Q1,Japan 3M Yield,2012Q1,61,0.1,0.1
1164,GJTB3MO_2011Q4,Japan 3M Yield,2011Q4,61,0.1,0.1
1162,GJTB3MO_2011Q2,Japan 3M Yield,2011Q2,61,0.09,0.11
1160,GJTB3MO_2010Q4,Japan 3M Yield,2010Q4,61,0.104,0.13
1158,GJTB3MO_2010Q2,Japan 3M Yield,2010Q2,61,0.11,0.12
1156,GJTB3MO_2009Q4,Japan 3M Yield,2009Q4,61,0.119,0.16
1154,GJTB3MO_2009Q2,Japan 3M Yield,2009Q2,61,0.15,0.232
1152,GJTB3MO_2008Q4,Japan 3M Yield,2008Q4,61,0.198,0.719
45,GACGB10_2011Q2,Australia 10Y Yield,2011Q2,61,4.9992,5.6693
41,GACGB10_2010Q2,Australia 10Y Yield,2010Q2,61,5.0945,5.8579
32,GACGB10_2008Q1,Australia 10Y Yield,2008Q1,61,5.866,6.478
17,GACGB10_2004Q2,Australia 10Y Yield,2004Q2,61,5.445,6.088
485,GCNY2YR_2008Q3,China 2Y Yield,2008Q3,62,3.31,3.89
1214,GJTB3MO_2024Q2,Japan 3M Yield,2024Q2,62,-0.0549,0.0404
3,GACGB10_2000Q4,Australia 10Y Yield,2000Q4,62,5.42,6.223
109,GACGB2_2002Q2,Australia 2Y Yield,2002Q2,62,5.205,5.98
112,GACGB2_2003Q1,Australia 2Y Yield,2003Q1,62,4.303,4.788
1168,GJTB3MO_2012Q4,Japan 3M Yield,2012Q4,62,0.1,0.1
1170,GJTB3MO_2013Q2,Japan 3M Yield,2013Q2,62,0.04,0.0951
1172,GJTB3MO_2013Q4,Japan 3M Yield,2013Q4,62,0.0353,0.0753
1174,GJTB3MO_2014Q2,Japan 3M Yield,2014Q2,62,0.0241,0.0651
1179,GJTB3MO_2015Q3,Japan 3M Yield,2015Q3,62,-0.0769,0.0
9,GACGB10_2002Q2,Australia 10Y Yield,2002Q2,62,5.895,6.498
1215,GJTB3MO_2024Q3,Japan 3M Yield,2024Q3,62,0.01,0.1503
12,GACGB10_2003Q1,Australia 10Y Yield,2003Q1,62,5.005,5.583
206,GACGB30_2018Q2,Australia 30Y Yield,2018Q2,62,3.093,3.432
209,GACGB30_2019Q1,Australia 30Y Yield,2019Q1,62,2.385,2.8568
879,GJGB2_2015Q3,Japan 2Y Yield,2015Q3,62,-0.005,0.025
391,GACGB5_2024Q1,Australia 5Y Yield,2024Q1,62,3.5943,3.9127
392,GACGB5_2024Q2,Australia 5Y Yield,2024Q2,62,3.7175,4.2018
406,GCNY10YR_2008Q3,China 10Y Yield,2008Q3,62,3.78,4.61
1190,GJTB3MO_2018Q2,Japan 3M Yield,2018Q2,62,-0.1799,-0.1205
1191,GJTB3MO_2018Q3,Japan 3M Yield,2018Q3,62,-0.191,-0.1286
1192,GJTB3MO_2018Q4,Japan 3M Yield,2018Q4,62,-0.3297,-0.1526
1195,GJTB3MO_2019Q3,Japan 3M Yield,2019Q3,62,-0.3906,-0.0998
1196,GJTB3MO_2019Q4,Japan 3M Yield,2019Q4,62,-0.3898,-0.1068
1166,GJTB3MO_2012Q2,Japan 3M Yield,2012Q2,62,0.1,0.1
27,GACGB10_2006Q4,Australia 10Y Yield,2006Q4,62,5.483,5.891
23,GACGB10_2005Q4,Australia 10Y Yield,2005Q4,62,5.2,5.565
1207,GJTB3MO_2022Q3,Japan 3M Yield,2022Q3,62,-0.2499,-0.1146
1208,GJTB3MO_2022Q4,Japan 3M Yield,2022Q4,62,-0.2749,-0.1147
1210,GJTB3MO_2023Q2,Japan 3M Yield,2023Q2,62,-0.2998,-0.1099
1211,GJTB3MO_2023Q3,Japan 3M Yield,2023Q3,62,-0.3,-0.1037
1188,GJTB3MO_2017Q4,Japan 3M Yield,2017Q4,62,-0.2538,-0.1467
376,GACGB5_2020Q2,Australia 5Y Yield,2020Q2,62,0.365,0.451
1022,GJGB5_2001Q2,Japan 5Y Yield,2001Q2,62,0.329,0.679
1024,GJGB5_2001Q4,Japan 5Y Yield,2001Q4,62,0.445,0.555
1026,GJGB5_2002Q2,Japan 5Y Yield,2002Q2,62,0.414,0.543
1028,GJGB5_2002Q4,Japan 5Y Yield,2002Q4,62,0.269,0.348
1007,GJGB30_2022Q3,Japan 30Y Yield,2022Q3,62,1.072,1.485
1008,GJGB30_2022Q4,Japan 30Y Yield,2022Q4,62,1.329,1.663
1010,GJGB30_2023Q2,Japan 30Y Yield,2023Q2,62,1.19,1.365
1011,GJGB30_2023Q3,Japan 30Y Yield,2023Q3,62,1.211,1.734
1012,GJGB30_2023Q4,Japan 30Y Yield,2023Q4,62,1.498,1.9
1014,GJGB30_2024Q2,Japan 30Y Yield,2024Q2,62,1.816,2.277
1015,GJGB30_2024Q3,Japan 30Y Yield,2024Q3,62,1.935,2.277
379,GACGB5_2021Q1,Australia 5Y Yield,2021Q1,62,0.3645,0.997
380,GACGB5_2021Q2,Australia 5Y Yield,2021Q2,62,0.7008,0.884
383,GACGB5_2022Q1,Australia 5Y Yield,2022Q1,62,1.4163,2.7275
386,GACGB5_2022Q4,Australia 5Y Yield,2022Q4,62,3.1125,3.92
368,GACGB5_2018Q2,Australia 5Y Yield,2018Q2,62,2.263,2.512
1018,GJGB5_2000Q2,Japan 5Y Yield,2000Q2,62,0.97,1.2
1020,GJGB5_2000Q4,Japan 5Y Yield,2000Q4,62,0.915,1.16
136,GACGB2_2009Q1,Australia 2Y Yield,2009Q1,62,2.388,3.005
137,GACGB2_2009Q2,Australia 2Y Yield,2009Q2,62,2.8066,4.1626
140,GACGB2_2010Q1,Australia 2Y Yield,2010Q1,62,4.0402,5.0117
144,GACGB2_2011Q1,Australia 2Y Yield,2011Q1,62,4.7165,5.207
988,GJGB30_2017Q4,Japan 30Y Yield,2017Q4,62,0.8,0.894
990,GJGB30_2018Q2,Japan 30Y Yield,2018Q2,62,0.698,0.769
991,GJGB30_2018Q3,Japan 30Y Yield,2018Q3,62,0.67,0.912
371,GACGB5_2019Q1,Australia 5Y Yield,2019Q1,62,1.4125,2.002
53,GACGB10_2013Q2,Australia 10Y Yield,2013Q2,62,3.0327,4.0342
56,GACGB10_2014Q1,Australia 10Y Yield,2014Q1,62,3.9808,4.3758
60,GACGB10_2015Q1,Australia 10Y Yield,2015Q1,62,2.2817,2.8698
61,GACGB10_2015Q2,Australia 10Y Yield,2015Q2,62,2.2817,3.1488
1142,GJTB3MO_2006Q2,Japan 3M Yield,2006Q2,62,0.025,0.331
1148,GJTB3MO_2007Q4,Japan 3M Yield,2007Q4,62,0.548,0.6
1118,GJTB3MO_2000Q2,Japan 3M Yield,2000Q2,62,0.03,0.17
1120,GJTB3MO_2000Q4,Japan 3M Yield,2000Q4,62,0.295,0.6
1122,GJTB3MO_2001Q2,Japan 3M Yield,2001Q2,62,0.005,0.051
1124,GJTB3MO_2001Q4,Japan 3M Yield,2001Q4,62,0.005,0.04
1126,GJTB3MO_2002Q2,Japan 3M Yield,2002Q2,62,0.001,0.012
1128,GJTB3MO_2002Q4,Japan 3M Yield,2002Q4,62,0.001,0.017
348,GACGB5_2013Q2,Australia 5Y Yield,2013Q2,62,2.6588,3.301
351,GACGB5_2014Q1,Australia 5Y Yield,2014Q1,62,3.2532,3.5547
355,GACGB5_2015Q1,Australia 5Y Yield,2015Q1,62,1.801,2.3098
356,GACGB5_2015Q2,Australia 5Y Yield,2015Q2,62,1.8173,2.4018
358,GACGB5_2015Q4,Australia 5Y Yield,2015Q4,62,2.055,2.407
651,GCNY5YR_2008Q3,China 5Y Yield,2008Q3,62,3.55,4.27
362,GACGB5_2016Q4,Australia 5Y Yield,2016Q4,62,1.769,2.417
366,GACGB5_2017Q4,Australia 5Y Yield,2017Q4,62,2.051,2.36
367,GACGB5_2018Q1,Australia 5Y Yield,2018Q1,62,2.272,2.484
339,GACGB5_2011Q1,Australia 5Y Yield,2011Q1,62,5.0795,5.5633
342,GACGB5_2011Q4,Australia 5Y Yield,2011Q4,62,3.154,4.0982
992,GJGB30_2018Q4,Japan 30Y Yield,2018Q4,62,0.711,0.955
995,GJGB30_2019Q3,Japan 30Y Yield,2019Q3,62,0.112,0.392
996,GJGB30_2019Q4,Japan 30Y Yield,2019Q4,62,0.348,0.492
972,GJGB30_2013Q4,Japan 30Y Yield,2013Q4,62,1.585,1.743
974,GJGB30_2014Q2,Japan 30Y Yield,2014Q2,62,1.661,1.717
979,GJGB30_2015Q3,Japan 30Y Yield,2015Q3,62,1.36,1.496
983,GJGB30_2016Q3,Japan 30Y Yield,2016Q3,62,0.052,0.577
986,GJGB30_2017Q2,Japan 30Y Yield,2017Q2,62,0.73,0.874
987,GJGB30_2017Q3,Japan 30Y Yield,2017Q3,62,0.811,0.913
147,GACGB2_2011Q4,Australia 2Y Yield,2011Q4,62,3.1298,4.0452
153,GACGB2_2013Q2,Australia 2Y Yield,2013Q2,62,2.414,2.8788
1144,GJTB3MO_2006Q4,Japan 3M Yield,2006Q4,62,0.32,0.51
1146,GJTB3MO_2007Q2,Japan 3M Yield,2007Q2,62,0.547,0.635
1147,GJTB3MO_2007Q3,Japan 3M Yield,2007Q3,62,0.541,0.727
1108,GJGB5_2022Q4,Japan 5Y Yield,2022Q4,62,0.036,0.252
728,GJGB10_2002Q4,Japan 10Y Yield,2002Q4,62,0.909,1.187
318,GACGB5_2005Q4,Australia 5Y Yield,2005Q4,62,5.22,5.489
1079,GJGB5_2015Q3,Japan 5Y Yield,2015Q3,62,0.059,0.15
1083,GJGB5_2016Q3,Japan 5Y Yield,2016Q3,62,-0.37,-0.149
1055,GJGB5_2009Q3,Japan 5Y Yield,2009Q3,62,0.57,0.75
1066,GJGB5_2012Q2,Japan 5Y Yield,2012Q2,62,0.19,0.348
1068,GJGB5_2012Q4,Japan 5Y Yield,2012Q4,62,0.156,0.213
96,GACGB10_2024Q1,Australia 10Y Yield,2024Q1,62,3.9447,4.2936
97,GACGB10_2024Q2,Australia 10Y Yield,2024Q2,62,4.0711,4.5204
103,GACGB2_2000Q4,Australia 2Y Yield,2000Q4,62,5.26,6.185
156,GACGB2_2014Q1,Australia 2Y Yield,2014Q1,62,2.62,2.8712
322,GACGB5_2006Q4,Australia 5Y Yield,2006Q4,62,5.645,6.044
331,GACGB5_2009Q1,Australia 5Y Yield,2009Q1,62,3.3461,4.088
332,GACGB5_2009Q2,Australia 5Y Yield,2009Q2,62,3.911,5.3831
335,GACGB5_2010Q1,Australia 5Y Yield,2010Q1,62,4.9015,5.5471
726,GJGB10_2002Q2,Japan 10Y Yield,2002Q2,62,1.314,1.442
160,GACGB2_2015Q1,Australia 2Y Yield,2015Q1,62,1.7302,2.2132
966,GJGB30_2012Q2,Japan 30Y Yield,2012Q2,62,1.742,1.982
968,GJGB30_2012Q4,Japan 30Y Yield,2012Q4,62,1.887,1.992
970,GJGB30_2013Q2,Japan 30Y Yield,2013Q2,62,1.215,1.904
161,GACGB2_2015Q2,Australia 2Y Yield,2015Q2,62,1.6788,2.1485
167,GACGB2_2016Q4,Australia 2Y Yield,2016Q4,62,1.571,1.906
171,GACGB2_2017Q4,Australia 2Y Yield,2017Q4,62,1.719,2.006
172,GACGB2_2018Q1,Australia 2Y Yield,2018Q1,62,1.952,2.107
173,GACGB2_2018Q2,Australia 2Y Yield,2018Q2,62,1.967,2.129
67,GACGB10_2016Q4,Australia 10Y Yield,2016Q4,62,2.069,2.872
71,GACGB10_2017Q4,Australia 10Y Yield,2017Q4,62,2.47,2.841
72,GACGB10_2018Q1,Australia 10Y Yield,2018Q1,62,2.589,2.936
73,GACGB10_2018Q2,Australia 10Y Yield,2018Q2,62,2.606,2.922
76,GACGB10_2019Q1,Australia 10Y Yield,2019Q1,62,1.7255,2.327
1107,GJGB5_2022Q3,Japan 5Y Yield,2022Q3,62,-0.034,0.092
928,GJGB30_2002Q4,Japan 30Y Yield,2002Q4,62,1.724,2.128
755,GJGB10_2009Q3,Japan 10Y Yield,2009Q3,62,1.29,1.464
283,GACGB3M_2022Q1,Australia 3M Yield,2022Q1,62,0.0192,0.1103
286,GACGB3M_2022Q4,Australia 3M Yield,2022Q4,62,2.7125,3.1424
290,GACGB3M_2023Q4,Australia 3M Yield,2023Q4,62,4.1124,4.3664
291,GACGB3M_2024Q1,Australia 3M Yield,2024Q1,62,4.2434,4.3339
292,GACGB3M_2024Q2,Australia 3M Yield,2024Q2,62,4.2185,4.3759
742,GJGB10_2006Q2,Japan 10Y Yield,2006Q2,62,1.78,2.009
744,GJGB10_2006Q4,Japan 10Y Yield,2006Q4,62,1.575,1.84
298,GACGB5_2000Q4,Australia 5Y Yield,2000Q4,62,5.3,6.155
304,GACGB5_2002Q2,Australia 5Y Yield,2002Q2,62,5.53,6.195
307,GACGB5_2003Q1,Australia 5Y Yield,2003Q1,62,4.49,5.11
718,GJGB10_2000Q2,Japan 10Y Yield,2000Q2,62,1.63,1.812
720,GJGB10_2000Q4,Japan 10Y Yield,2000Q4,62,1.54,1.86
722,GJGB10_2001Q2,Japan 10Y Yield,2001Q2,62,1.135,1.504
724,GJGB10_2001Q4,Japan 10Y Yield,2001Q4,62,1.275,1.4
772,GJGB10_2013Q4,Japan 10Y Yield,2013Q4,62,0.588,0.741
774,GJGB10_2014Q2,Japan 10Y Yield,2014Q2,62,0.564,0.648
746,GJGB10_2007Q2,Japan 10Y Yield,2007Q2,62,1.615,1.974
747,GJGB10_2007Q3,Japan 10Y Yield,2007Q3,62,1.518,1.968
748,GJGB10_2007Q4,Japan 10Y Yield,2007Q4,62,1.415,1.744
750,GJGB10_2008Q2,Japan 10Y Yield,2008Q2,62,1.335,1.885
176,GACGB2_2019Q1,Australia 2Y Yield,2019Q1,62,1.4535,1.855
942,GJGB30_2006Q2,Japan 30Y Yield,2006Q2,62,2.315,2.65
944,GJGB30_2006Q4,Japan 30Y Yield,2006Q4,62,2.18,2.54
946,GJGB30_2007Q2,Japan 30Y Yield,2007Q2,62,2.275,2.554
947,GJGB30_2007Q3,Japan 30Y Yield,2007Q3,62,2.309,2.583
948,GJGB30_2007Q4,Japan 30Y Yield,2007Q4,62,2.219,2.518
950,GJGB30_2008Q2,Japan 30Y Yield,2008Q2,62,2.369,2.614
955,GJGB30_2009Q3,Japan 30Y Yield,2009Q3,62,2.12,2.37
924,GJGB30_2001Q4,Japan 30Y Yield,2001Q4,62,2.387,2.598
926,GJGB30_2002Q2,Japan 30Y Yield,2002Q2,62,2.204,2.478
1096,GJGB5_2019Q4,Japan 5Y Yield,2019Q4,62,-0.372,-0.074
81,GACGB10_2020Q2,Australia 10Y Yield,2020Q2,62,0.678,1.0928
271,GACGB3M_2019Q1,Australia 3M Yield,2019Q1,62,1.7949,1.9337
181,GACGB2_2020Q2,Australia 2Y Yield,2020Q2,62,0.2058,0.2865
184,GACGB2_2021Q1,Australia 2Y Yield,2021Q1,62,0.072,0.13
185,GACGB2_2021Q2,Australia 2Y Yield,2021Q2,62,0.0133,0.089
188,GACGB2_2022Q1,Australia 2Y Yield,2022Q1,62,0.6488,1.9125
191,GACGB2_2022Q4,Australia 2Y Yield,2022Q4,62,2.9825,3.6475
907,GJGB2_2022Q3,Japan 2Y Yield,2022Q3,62,-0.099,-0.038
908,GJGB2_2022Q4,Japan 2Y Yield,2022Q4,62,-0.07,0.047
910,GJGB2_2023Q2,Japan 2Y Yield,2023Q2,62,-0.073,-0.024
911,GJGB2_2023Q3,Japan 2Y Yield,2023Q3,62,-0.067,0.05
276,GACGB3M_2020Q2,Australia 3M Yield,2020Q2,62,0.126,0.4083
766,GJGB10_2012Q2,Japan 10Y Yield,2012Q2,62,0.809,1.032
768,GJGB10_2012Q4,Japan 10Y Yield,2012Q4,62,0.695,0.798
770,GJGB10_2013Q2,Japan 10Y Yield,2013Q2,62,0.446,0.933
266,GACGB3M_2017Q4,Australia 3M Yield,2017Q4,62,1.6566,1.7424
267,GACGB3M_2018Q1,Australia 3M Yield,2018Q1,62,1.6979,2.033
268,GACGB3M_2018Q2,Australia 3M Yield,2018Q2,62,1.6443,2.0396
269,GACGB3M_2018Q3,Australia 3M Yield,2018Q3,62,1.8861,2.0405
1110,GJGB5_2023Q2,Japan 5Y Yield,2023Q2,62,0.053,0.174
1111,GJGB5_2023Q3,Japan 5Y Yield,2023Q3,62,0.057,0.316
1112,GJGB5_2023Q4,Japan 5Y Yield,2023Q4,62,0.198,0.488
1114,GJGB5_2024Q2,Japan 5Y Yield,2024Q2,62,0.361,0.647
1115,GJGB5_2024Q3,Japan 5Y Yield,2024Q3,62,0.416,0.668
1086,GJGB5_2017Q2,Japan 5Y Yield,2017Q2,62,-0.175,-0.064
1087,GJGB5_2017Q3,Japan 5Y Yield,2017Q3,62,-0.151,-0.031
1088,GJGB5_2017Q4,Japan 5Y Yield,2017Q4,62,-0.135,-0.061
1090,GJGB5_2018Q2,Japan 5Y Yield,2018Q2,62,-0.119,-0.086
1091,GJGB5_2018Q3,Japan 5Y Yield,2018Q3,62,-0.12,-0.048
1092,GJGB5_2018Q4,Japan 5Y Yield,2018Q4,62,-0.145,-0.052
1095,GJGB5_2019Q3,Japan 5Y Yield,2019Q3,62,-0.382,-0.203
255,GACGB3M_2015Q1,Australia 3M Yield,2015Q1,62,1.9618,2.5175
256,GACGB3M_2015Q2,Australia 3M Yield,2015Q2,62,1.9497,2.0684
258,GACGB3M_2015Q4,Australia 3M Yield,2015Q4,62,1.83,2.0857
262,GACGB3M_2016Q4,Australia 3M Yield,2016Q4,62,1.5617,1.818
795,GJGB10_2019Q3,Japan 10Y Yield,2019Q3,62,-0.285,-0.114
796,GJGB10_2019Q4,Japan 10Y Yield,2019Q4,62,-0.222,0.016
807,GJGB10_2022Q3,Japan 10Y Yield,2022Q3,62,0.168,0.259
808,GJGB10_2022Q4,Japan 10Y Yield,2022Q4,62,0.222,0.48
779,GJGB10_2015Q3,Japan 10Y Yield,2015Q3,62,0.314,0.525
783,GJGB10_2016Q3,Japan 10Y Yield,2016Q3,62,-0.287,-0.002
786,GJGB10_2017Q2,Japan 10Y Yield,2017Q2,62,0.008,0.086
787,GJGB10_2017Q3,Japan 10Y Yield,2017Q3,62,-0.009,0.104
788,GJGB10_2017Q4,Japan 10Y Yield,2017Q4,62,0.024,0.075
790,GJGB10_2018Q2,Japan 10Y Yield,2018Q2,62,0.03,0.067
791,GJGB10_2018Q3,Japan 10Y Yield,2018Q3,62,0.025,0.133
792,GJGB10_2018Q4,Japan 10Y Yield,2018Q4,62,0.003,0.161
822,GJGB2_2001Q2,Japan 2Y Yield,2001Q2,62,0.044,0.189
824,GJGB2_2001Q4,Japan 2Y Yield,2001Q4,62,0.081,0.164
912,GJGB2_2023Q4,Japan 2Y Yield,2023Q4,62,0.029,0.164
914,GJGB2_2024Q2,Japan 2Y Yield,2024Q2,62,0.195,0.405
915,GJGB2_2024Q3,Japan 2Y Yield,2024Q3,62,0.278,0.471
918,GJGB30_2000Q2,Japan 30Y Yield,2000Q2,62,2.01,2.354
920,GJGB30_2000Q4,Japan 30Y Yield,2000Q4,62,2.463,3.133
922,GJGB30_2001Q2,Japan 30Y Yield,2001Q2,62,1.945,2.432
891,GJGB2_2018Q3,Japan 2Y Yield,2018Q3,62,-0.129,-0.093
892,GJGB2_2018Q4,Japan 2Y Yield,2018Q4,62,-0.154,-0.106
895,GJGB2_2019Q3,Japan 2Y Yield,2019Q3,62,-0.335,-0.177
896,GJGB2_2019Q4,Japan 2Y Yield,2019Q4,62,-0.331,-0.091
195,GACGB2_2023Q4,Australia 2Y Yield,2023Q4,62,3.6693,4.4621
196,GACGB2_2024Q1,Australia 2Y Yield,2024Q1,62,3.6643,3.9586
826,GJGB2_2002Q2,Japan 2Y Yield,2002Q2,62,0.048,0.082
248,GACGB3M_2013Q2,Australia 3M Yield,2013Q2,62,2.51,2.9465
227,GACGB30_2023Q4,Australia 30Y Yield,2023Q4,62,4.2419,5.3243
228,GACGB30_2024Q1,Australia 30Y Yield,2024Q1,62,4.3142,4.6423
229,GACGB30_2024Q2,Australia 30Y Yield,2024Q2,62,4.4279,4.837
234,GACGB3M_2009Q4,Australia 3M Yield,2009Q4,62,3.0301,4.5747
235,GACGB3M_2010Q1,Australia 3M Yield,2010Q1,62,3.6344,4.2783
239,GACGB3M_2011Q1,Australia 3M Yield,2011Q1,62,4.341,4.924
242,GACGB3M_2011Q4,Australia 3M Yield,2011Q4,62,3.738,4.608
828,GJGB2_2002Q4,Japan 2Y Yield,2002Q4,62,0.045,0.065
842,GJGB2_2006Q2,Japan 2Y Yield,2006Q2,62,0.615,0.9
810,GJGB10_2023Q2,Japan 10Y Yield,2023Q2,62,0.361,0.485
811,GJGB10_2023Q3,Japan 10Y Yield,2023Q3,62,0.386,0.765
812,GJGB10_2023Q4,Japan 10Y Yield,2023Q4,62,0.556,0.961
814,GJGB10_2024Q2,Japan 10Y Yield,2024Q2,62,0.739,1.085
815,GJGB10_2024Q3,Japan 10Y Yield,2024Q3,62,0.792,1.101
818,GJGB2_2000Q2,Japan 2Y Yield,2000Q2,62,0.3,0.52
820,GJGB2_2000Q4,Japan 2Y Yield,2000Q4,62,0.47,0.62
846,GJGB2_2007Q2,Japan 2Y Yield,2007Q2,62,0.809,1.088
197,GACGB2_2024Q2,Australia 2Y Yield,2024Q2,62,3.7037,4.2649
84,GACGB10_2021Q1,Australia 10Y Yield,2021Q1,62,0.981,1.9173
85,GACGB10_2021Q2,Australia 10Y Yield,2021Q2,62,1.4878,1.841
88,GACGB10_2022Q1,Australia 10Y Yield,2022Q1,62,1.7475,2.9025
91,GACGB10_2022Q4,Australia 10Y Yield,2022Q4,62,3.295,4.1988
95,GACGB10_2023Q4,Australia 10Y Yield,2023Q4,62,3.8922,4.9459
1070,GJGB5_2013Q2,Japan 5Y Yield,2013Q2,62,0.13,0.425
1072,GJGB5_2013Q4,Japan 5Y Yield,2013Q4,62,0.185,0.246
1074,GJGB5_2014Q2,Japan 5Y Yield,2014Q2,62,0.169,0.205
204,GACGB30_2017Q4,Australia 30Y Yield,2017Q4,62,3.231,3.605
205,GACGB30_2018Q1,Australia 30Y Yield,2018Q1,62,3.186,3.536
847,GJGB2_2007Q3,Japan 2Y Yield,2007Q3,62,0.785,1.084
848,GJGB2_2007Q4,Japan 2Y Yield,2007Q4,62,0.715,0.91
850,GJGB2_2008Q2,Japan 2Y Yield,2008Q2,62,0.57,1.021
855,GJGB2_2009Q3,Japan 2Y Yield,2009Q3,62,0.215,0.301
883,GJGB2_2016Q3,Japan 2Y Yield,2016Q3,62,-0.361,-0.17
886,GJGB2_2017Q2,Japan 2Y Yield,2017Q2,62,-0.225,-0.097
887,GJGB2_2017Q3,Japan 2Y Yield,2017Q3,62,-0.167,-0.095
888,GJGB2_2017Q4,Japan 2Y Yield,2017Q4,62,-0.203,-0.104
890,GJGB2_2018Q2,Japan 2Y Yield,2018Q2,62,-0.152,-0.115
866,GJGB2_2012Q2,Japan 2Y Yield,2012Q2,62,0.1,0.124
868,GJGB2_2012Q4,Japan 2Y Yield,2012Q4,62,0.095,0.11
870,GJGB2_2013Q2,Japan 2Y Yield,2013Q2,62,0.062,0.15
872,GJGB2_2013Q4,Japan 2Y Yield,2013Q4,62,0.083,0.11
874,GJGB2_2014Q2,Japan 2Y Yield,2014Q2,62,0.073,0.092
213,GACGB30_2020Q2,Australia 30Y Yield,2020Q2,62,1.503,1.9518
216,GACGB30_2021Q1,Australia 30Y Yield,2021Q1,62,1.9275,2.908
217,GACGB30_2021Q2,Australia 30Y Yield,2021Q2,62,2.2813,2.7285
220,GACGB30_2022Q1,Australia 30Y Yield,2022Q1,62,2.4075,3.28
223,GACGB30_2022Q4,Australia 30Y Yield,2022Q4,62,3.59,4.53
844,GJGB2_2006Q4,Japan 2Y Yield,2006Q4,62,0.655,0.855
36,GACGB10_2009Q1,Australia 10Y Yield,2009Q1,62,3.851,4.5642
37,GACGB10_2009Q2,Australia 10Y Yield,2009Q2,62,4.363,5.8601
40,GACGB10_2010Q1,Australia 10Y Yield,2010Q1,62,5.379,5.7956
44,GACGB10_2011Q1,Australia 10Y Yield,2011Q1,62,5.3542,5.7502
47,GACGB10_2011Q4,Australia 10Y Yield,2011Q4,62,3.6685,4.5778
1150,GJTB3MO_2008Q2,Japan 3M Yield,2008Q2,62,0.56,0.593
1042,GJGB5_2006Q2,Japan 5Y Yield,2006Q2,62,1.244,1.493
1044,GJGB5_2006Q4,Japan 5Y Yield,2006Q4,62,1.154,1.33
1046,GJGB5_2007Q2,Japan 5Y Yield,2007Q2,62,1.184,1.582
1047,GJGB5_2007Q3,Japan 5Y Yield,2007Q3,62,1.06,1.564
1048,GJGB5_2007Q4,Japan 5Y Yield,2007Q4,62,0.975,1.29
1050,GJGB5_2008Q2,Japan 5Y Yield,2008Q2,62,0.809,1.544
123,GACGB2_2005Q4,Australia 2Y Yield,2005Q4,62,5.22,5.405
127,GACGB2_2006Q4,Australia 2Y Yield,2006Q4,62,5.826,6.229
1155,GJTB3MO_2009Q3,Japan 3M Yield,2009Q3,62,0.14,0.16
390,GACGB5_2023Q4,Australia 5Y Yield,2023Q4,62,3.593,4.5463
1187,GJTB3MO_2017Q3,Japan 3M Yield,2017Q3,62,-0.2299,-0.0905
1186,GJTB3MO_2017Q2,Japan 3M Yield,2017Q2,62,-0.1689,-0.0888
1183,GJTB3MO_2016Q3,Japan 3M Yield,2016Q3,62,-0.3976,-0.2267
1212,GJTB3MO_2023Q4,Japan 3M Yield,2023Q4,62,-0.3079,-0.1556
30,GACGB10_2007Q3,Australia 10Y Yield,2007Q3,63,5.798,6.296
31,GACGB10_2007Q4,Australia 10Y Yield,2007Q4,63,5.836,6.404
486,GCNY2YR_2008Q4,China 2Y Yield,2008Q4,63,1.25,3.36
493,GCNY2YR_2010Q3,China 2Y Yield,2010Q3,63,2.11,2.29
4,GACGB10_2001Q1,Australia 10Y Yield,2001Q1,63,4.972,5.525
111,GACGB2_2002Q4,Australia 2Y Yield,2002Q4,63,4.54,5.213
1039,GJGB5_2005Q3,Japan 5Y Yield,2005Q3,63,0.42,0.79
1171,GJTB3MO_2013Q3,Japan 3M Yield,2013Q3,63,0.0331,0.0953
1175,GJTB3MO_2014Q3,Japan 3M Yield,2014Q3,63,-0.0099,0.0451
33,GACGB10_2008Q2,Australia 10Y Yield,2008Q2,63,5.999,6.786
414,GCNY10YR_2010Q3,China 10Y Yield,2010Q3,63,3.21,3.35
438,GCNY10YR_2016Q3,China 10Y Yield,2016Q3,63,2.656,2.86
11,GACGB10_2002Q4,Australia 10Y Yield,2002Q4,63,5.108,5.955
0,GACGB10_2000Q1,Australia 10Y Yield,2000Q1,63,6.325,7.305
28,GACGB10_2007Q1,Australia 10Y Yield,2007Q1,63,5.606,5.948
208,GACGB30_2018Q4,Australia 30Y Yield,2018Q4,63,2.8013,3.294
875,GJGB2_2014Q3,Japan 2Y Yield,2014Q3,63,0.061,0.079
859,GJGB2_2010Q3,Japan 2Y Yield,2010Q3,63,0.12,0.155
863,GJGB2_2011Q3,Japan 2Y Yield,2011Q3,63,0.126,0.169
867,GJGB2_2012Q3,Japan 2Y Yield,2012Q3,63,0.076,0.114
871,GJGB2_2013Q3,Japan 2Y Yield,2013Q3,63,0.092,0.147
211,GACGB30_2019Q4,Australia 30Y Yield,2019Q4,63,1.4675,1.991
212,GACGB30_2020Q1,Australia 30Y Yield,2020Q1,63,1.1635,2.1955
215,GACGB30_2020Q4,Australia 30Y Yield,2020Q4,63,1.6715,2.0243
219,GACGB30_2021Q4,Australia 30Y Yield,2021Q4,63,2.2275,2.775
224,GACGB30_2023Q1,Australia 30Y Yield,2023Q1,63,3.6988,4.2825
843,GJGB2_2006Q3,Japan 2Y Yield,2006Q3,63,0.597,0.909
83,GACGB10_2020Q4,Australia 10Y Yield,2020Q4,63,0.722,1.036
87,GACGB10_2021Q4,Australia 10Y Yield,2021Q4,63,1.49,2.0875
92,GACGB10_2023Q1,Australia 10Y Yield,2023Q1,63,3.1913,4.0025
1071,GJGB5_2013Q3,Japan 5Y Yield,2013Q3,63,0.238,0.344
201,GACGB30_2017Q1,Australia 30Y Yield,2017Q1,63,3.601,3.928
851,GJGB2_2008Q3,Japan 2Y Yield,2008Q3,63,0.68,0.865
237,GACGB3M_2010Q3,Australia 3M Yield,2010Q3,63,4.3133,4.982
238,GACGB3M_2010Q4,Australia 3M Yield,2010Q4,63,4.3579,5.0452
243,GACGB3M_2012Q1,Australia 3M Yield,2012Q1,63,3.9005,4.2203
830,GJGB2_2003Q2,Japan 2Y Yield,2003Q2,63,0.045,0.084
831,GJGB2_2003Q3,Japan 2Y Yield,2003Q3,63,0.079,0.275
835,GJGB2_2004Q3,Japan 2Y Yield,2004Q3,63,0.134,0.225
839,GJGB2_2005Q3,Japan 2Y Yield,2005Q3,63,0.079,0.235
819,GJGB2_2000Q3,Japan 2Y Yield,2000Q3,63,0.4,0.665
823,GJGB2_2001Q3,Japan 2Y Yield,2001Q3,63,0.055,0.167
919,GJGB30_2000Q3,Japan 30Y Yield,2000Q3,63,2.239,2.75
923,GJGB30_2001Q3,Japan 30Y Yield,2001Q3,63,2.262,2.549
900,GJGB2_2020Q4,Japan 2Y Yield,2020Q4,63,-0.143,-0.105
904,GJGB2_2021Q4,Japan 2Y Yield,2021Q4,63,-0.13,-0.064
246,GACGB3M_2012Q4,Australia 3M Yield,2012Q4,63,2.9222,3.195
250,GACGB3M_2013Q4,Australia 3M Yield,2013Q4,63,2.1741,2.5141
260,GACGB3M_2016Q2,Australia 3M Yield,2016Q2,63,1.6561,2.0841
800,GJGB10_2020Q4,Japan 10Y Yield,2020Q4,63,0.005,0.045
804,GJGB10_2021Q4,Japan 10Y Yield,2021Q4,63,0.041,0.108
263,GACGB3M_2017Q1,Australia 3M Yield,2017Q1,63,1.5464,2.0062
1100,GJGB5_2020Q4,Japan 5Y Yield,2020Q4,63,-0.123,-0.083
80,GACGB10_2020Q1,Australia 10Y Yield,2020Q1,63,0.611,1.4897
270,GACGB3M_2018Q4,Australia 3M Yield,2018Q4,63,1.8153,2.0203
274,GACGB3M_2019Q4,Australia 3M Yield,2019Q4,63,0.865,0.9545
275,GACGB3M_2020Q1,Australia 3M Yield,2020Q1,63,0.3717,0.9573
935,GJGB30_2004Q3,Japan 30Y Yield,2004Q3,63,2.336,2.944
939,GJGB30_2005Q3,Japan 30Y Yield,2005Q3,63,2.205,2.554
179,GACGB2_2019Q4,Australia 2Y Yield,2019Q4,63,0.6125,0.9208
180,GACGB2_2020Q1,Australia 2Y Yield,2020Q1,63,0.2393,0.881
183,GACGB2_2020Q4,Australia 2Y Yield,2020Q4,63,0.0733,0.1795
187,GACGB2_2021Q4,Australia 2Y Yield,2021Q4,63,0.05,0.775
192,GACGB2_2023Q1,Australia 2Y Yield,2023Q1,63,2.825,3.6288
278,GACGB3M_2020Q4,Australia 3M Yield,2020Q4,63,-0.0641,0.1187
763,GJGB10_2011Q3,Japan 10Y Yield,2011Q3,63,0.981,1.182
767,GJGB10_2012Q3,Japan 10Y Yield,2012Q3,63,0.727,0.863
771,GJGB10_2013Q3,Japan 10Y Yield,2013Q3,63,0.673,0.894
775,GJGB10_2014Q3,Japan 10Y Yield,2014Q3,63,0.493,0.582
751,GJGB10_2008Q3,Japan 10Y Yield,2008Q3,63,1.415,1.704
175,GACGB2_2018Q4,Australia 2Y Yield,2018Q4,63,1.8998,2.0825
943,GJGB30_2006Q3,Japan 30Y Yield,2006Q3,63,2.361,2.623
951,GJGB30_2008Q3,Japan 30Y Yield,2008Q3,63,2.228,2.495
930,GJGB30_2003Q2,Japan 30Y Yield,2003Q2,63,0.979,1.409
931,GJGB30_2003Q3,Japan 30Y Yield,2003Q3,63,1.449,2.293
759,GJGB10_2010Q3,Japan 10Y Yield,2010Q3,63,0.911,1.199
282,GACGB3M_2021Q4,Australia 3M Yield,2021Q4,63,-0.0168,0.0934
287,GACGB3M_2023Q1,Australia 3M Yield,2023Q1,63,3.1396,3.6772
295,GACGB5_2000Q1,Australia 5Y Yield,2000Q1,63,6.355,7.11
730,GJGB10_2003Q2,Japan 10Y Yield,2003Q2,63,0.448,0.846
731,GJGB10_2003Q3,Japan 10Y Yield,2003Q3,63,0.865,1.634
735,GJGB10_2004Q3,Japan 10Y Yield,2004Q3,63,1.414,1.889
739,GJGB10_2005Q3,Japan 10Y Yield,2005Q3,63,1.179,1.499
743,GJGB10_2006Q3,Japan 10Y Yield,2006Q3,63,1.617,1.985
299,GACGB5_2001Q1,Australia 5Y Yield,2001Q1,63,4.588,5.238
306,GACGB5_2002Q4,Australia 5Y Yield,2002Q4,63,4.725,5.593
310,GACGB5_2003Q4,Australia 5Y Yield,2003Q4,63,5.09,5.966
311,GACGB5_2004Q1,Australia 5Y Yield,2004Q1,63,5.136,5.778
719,GJGB10_2000Q3,Japan 10Y Yield,2000Q3,63,1.683,1.976
723,GJGB10_2001Q3,Japan 10Y Yield,2001Q3,63,1.249,1.449
65,GACGB10_2016Q2,Australia 10Y Yield,2016Q2,63,1.981,2.652
959,GJGB30_2010Q3,Japan 30Y Yield,2010Q3,63,1.545,2.041
963,GJGB30_2011Q3,Japan 30Y Yield,2011Q3,63,1.86,2.104
967,GJGB30_2012Q3,Japan 30Y Yield,2012Q3,63,1.72,1.948
971,GJGB30_2013Q3,Japan 30Y Yield,2013Q3,63,1.689,1.903
163,GACGB2_2015Q4,Australia 2Y Yield,2015Q4,63,1.736,2.093
165,GACGB2_2016Q2,Australia 2Y Yield,2016Q2,63,1.545,2.056
168,GACGB2_2017Q1,Australia 2Y Yield,2017Q1,63,1.737,1.922
68,GACGB10_2017Q1,Australia 10Y Yield,2017Q1,63,2.643,2.977
75,GACGB10_2018Q4,Australia 10Y Yield,2018Q4,63,2.3183,2.768
79,GACGB10_2019Q4,Australia 10Y Yield,2019Q4,63,0.8818,1.3705
1104,GJGB5_2021Q4,Japan 5Y Yield,2021Q4,63,-0.104,-0.053
314,GACGB5_2004Q4,Australia 5Y Yield,2004Q4,63,5.002,5.426
316,GACGB5_2005Q2,Australia 5Y Yield,2005Q2,63,5.041,5.626
319,GACGB5_2006Q1,Australia 5Y Yield,2006Q1,63,5.103,5.41
1059,GJGB5_2010Q3,Japan 5Y Yield,2010Q3,63,0.259,0.389
1063,GJGB5_2011Q3,Japan 5Y Yield,2011Q3,63,0.294,0.447
1067,GJGB5_2012Q3,Japan 5Y Yield,2012Q3,63,0.162,0.242
100,GACGB2_2000Q1,Australia 2Y Yield,2000Q1,63,6.105,6.84
104,GACGB2_2001Q1,Australia 2Y Yield,2001Q1,63,4.37,5.14
155,GACGB2_2013Q4,Australia 2Y Yield,2013Q4,63,2.598,2.8277
159,GACGB2_2014Q4,Australia 2Y Yield,2014Q4,63,2.17,2.628
323,GACGB5_2007Q1,Australia 5Y Yield,2007Q1,63,5.793,6.104
325,GACGB5_2007Q3,Australia 5Y Yield,2007Q3,63,6.01,6.43
326,GACGB5_2007Q4,Australia 5Y Yield,2007Q4,63,6.207,6.764
328,GACGB5_2008Q2,Australia 5Y Yield,2008Q2,63,6.0,6.867
330,GACGB5_2008Q4,Australia 5Y Yield,2008Q4,63,3.4138,5.2305
334,GACGB5_2009Q4,Australia 5Y Yield,2009Q4,63,4.8645,5.5717
338,GACGB5_2010Q4,Australia 5Y Yield,2010Q4,63,4.8108,5.5216
343,GACGB5_2012Q1,Australia 5Y Yield,2012Q1,63,3.2752,3.8898
691,GCNY5YR_2018Q3,China 5Y Yield,2018Q3,63,3.153,3.521
1143,GJTB3MO_2006Q3,Japan 3M Yield,2006Q3,63,0.33,0.389
1000,GJGB30_2020Q4,Japan 30Y Yield,2020Q4,63,0.609,0.659
975,GJGB30_2014Q3,Japan 30Y Yield,2014Q3,63,1.611,1.72
148,GACGB2_2012Q1,Australia 2Y Yield,2012Q1,63,3.1435,3.8095
151,GACGB2_2012Q4,Australia 2Y Yield,2012Q4,63,2.3645,2.7903
1075,GJGB5_2014Q3,Japan 5Y Yield,2014Q3,63,0.149,0.187
1119,GJTB3MO_2000Q3,Japan 3M Yield,2000Q3,63,0.105,0.345
1123,GJTB3MO_2001Q3,Japan 3M Yield,2001Q3,63,0.002,0.035
1130,GJTB3MO_2003Q2,Japan 3M Yield,2003Q2,63,0.005,0.013
1131,GJTB3MO_2003Q3,Japan 3M Yield,2003Q3,63,0.003,0.028
659,GCNY5YR_2010Q3,China 5Y Yield,2010Q3,63,2.56,2.72
346,GACGB5_2012Q4,Australia 5Y Yield,2012Q4,63,2.4362,2.8867
350,GACGB5_2013Q4,Australia 5Y Yield,2013Q4,63,3.3135,3.6355
354,GACGB5_2014Q4,Australia 5Y Yield,2014Q4,63,2.2617,2.998
652,GCNY5YR_2008Q4,China 5Y Yield,2008Q4,63,1.78,3.57
360,GACGB5_2016Q2,Australia 5Y Yield,2016Q2,63,1.619,2.232
363,GACGB5_2017Q1,Australia 5Y Yield,2017Q1,63,2.179,2.465
370,GACGB5_2018Q4,Australia 5Y Yield,2018Q4,63,1.9063,2.3055
1019,GJGB5_2000Q3,Japan 5Y Yield,2000Q3,63,1.005,1.325
130,GACGB2_2007Q3,Australia 2Y Yield,2007Q3,63,6.144,6.473
131,GACGB2_2007Q4,Australia 2Y Yield,2007Q4,63,6.472,6.902
133,GACGB2_2008Q2,Australia 2Y Yield,2008Q2,63,6.102,7.1704
135,GACGB2_2008Q4,Australia 2Y Yield,2008Q4,63,2.7371,5.1393
139,GACGB2_2009Q4,Australia 2Y Yield,2009Q4,63,4.2051,4.9311
143,GACGB2_2010Q4,Australia 2Y Yield,2010Q4,63,4.7136,5.2745
48,GACGB10_2012Q1,Australia 10Y Yield,2012Q1,63,3.668,4.2815
51,GACGB10_2012Q4,Australia 10Y Yield,2012Q4,63,2.9167,3.389
55,GACGB10_2013Q4,Australia 10Y Yield,2013Q4,63,3.942,4.4303
59,GACGB10_2014Q4,Australia 10Y Yield,2014Q4,63,2.7395,3.4857
63,GACGB10_2015Q4,Australia 10Y Yield,2015Q4,63,2.561,2.952
1135,GJTB3MO_2004Q3,Japan 3M Yield,2004Q3,63,0.005,0.012
1139,GJTB3MO_2005Q3,Japan 3M Yield,2005Q3,63,0.001,0.004
374,GACGB5_2019Q4,Australia 5Y Yield,2019Q4,63,0.612,0.9918
375,GACGB5_2020Q1,Australia 5Y Yield,2020Q1,63,0.3373,0.9535
1023,GJGB5_2001Q3,Japan 5Y Yield,2001Q3,63,0.369,0.56
1030,GJGB5_2003Q2,Japan 5Y Yield,2003Q2,63,0.155,0.355
1031,GJGB5_2003Q3,Japan 5Y Yield,2003Q3,63,0.314,0.982
1035,GJGB5_2004Q3,Japan 5Y Yield,2004Q3,63,0.604,0.925
1004,GJGB30_2021Q4,Japan 30Y Yield,2021Q4,63,0.653,0.715
378,GACGB5_2020Q4,Australia 5Y Yield,2020Q4,63,0.2488,0.379
382,GACGB5_2021Q4,Australia 5Y Yield,2021Q4,63,0.785,1.5675
35,GACGB10_2008Q4,Australia 10Y Yield,2008Q4,63,3.9694,5.547
39,GACGB10_2009Q4,Australia 10Y Yield,2009Q4,63,5.1047,5.7389
43,GACGB10_2010Q4,Australia 10Y Yield,2010Q4,63,4.9831,5.7019
1151,GJTB3MO_2008Q3,Japan 3M Yield,2008Q3,63,0.56,0.615
1043,GJGB5_2006Q3,Japan 5Y Yield,2006Q3,63,1.062,1.52
1051,GJGB5_2008Q3,Japan 5Y Yield,2008Q3,63,0.981,1.294
115,GACGB2_2003Q4,Australia 2Y Yield,2003Q4,63,4.839,5.728
116,GACGB2_2004Q1,Australia 2Y Yield,2004Q1,63,4.987,5.468
119,GACGB2_2004Q4,Australia 2Y Yield,2004Q4,63,4.849,5.23
121,GACGB2_2005Q2,Australia 2Y Yield,2005Q2,63,5.084,5.554
124,GACGB2_2006Q1,Australia 2Y Yield,2006Q1,63,5.13,5.355
128,GACGB2_2007Q1,Australia 2Y Yield,2007Q1,63,6.012,6.307
1159,GJTB3MO_2010Q3,Japan 3M Yield,2010Q3,63,0.105,0.115
1163,GJTB3MO_2011Q3,Japan 3M Yield,2011Q3,63,0.1,0.1
387,GACGB5_2023Q1,Australia 5Y Yield,2023Q1,63,2.925,3.7063
407,GCNY10YR_2008Q4,China 10Y Yield,2008Q4,63,2.74,3.78
1167,GJTB3MO_2012Q3,Japan 3M Yield,2012Q3,63,0.1,0.1
15,GACGB10_2003Q4,Australia 10Y Yield,2003Q4,63,5.246,6.008
24,GACGB10_2006Q1,Australia 10Y Yield,2006Q1,63,5.115,5.445
1200,GJTB3MO_2020Q4,Japan 3M Yield,2020Q4,63,-0.177,-0.0817
21,GACGB10_2005Q2,Australia 10Y Yield,2005Q2,63,5.045,5.642
19,GACGB10_2004Q4,Australia 10Y Yield,2004Q4,63,5.129,5.553
16,GACGB10_2004Q1,Australia 10Y Yield,2004Q1,63,5.303,5.866
1204,GJTB3MO_2021Q4,Japan 3M Yield,2021Q4,63,-0.1597,-0.1066
26,GACGB10_2006Q3,Australia 10Y Yield,2006Q3,64,5.468,5.93
534,GCNY2YR_2021Q3,China 2Y Yield,2021Q3,64,2.398,2.644
542,GCNY2YR_2023Q3,China 2Y Yield,2023Q3,64,2.076,2.291
107,GACGB2_2001Q4,Australia 2Y Yield,2001Q4,64,3.813,4.715
7,GACGB10_2001Q4,Australia 10Y Yield,2001Q4,64,5.005,6.093
106,GACGB2_2001Q3,Australia 2Y Yield,2001Q3,64,4.2,5.53
2,GACGB10_2000Q3,Australia 10Y Yield,2000Q3,64,5.965,6.31
6,GACGB10_2001Q3,Australia 10Y Yield,2001Q3,64,5.447,6.218
150,GACGB2_2012Q3,Australia 2Y Yield,2012Q3,64,2.277,2.9727
102,GACGB2_2000Q3,Australia 2Y Yield,2000Q3,64,5.795,6.465
1027,GJGB5_2002Q3,Japan 5Y Yield,2002Q3,64,0.283,0.447
126,GACGB2_2006Q3,Australia 2Y Yield,2006Q3,64,5.755,6.048
194,GACGB2_2023Q3,Australia 2Y Yield,2023Q3,64,3.7798,4.3087
927,GJGB30_2002Q3,Japan 30Y Yield,2002Q3,64,1.758,2.228
174,GACGB2_2018Q3,Australia 2Y Yield,2018Q3,64,1.964,2.121
170,GACGB2_2017Q3,Australia 2Y Yield,2017Q3,64,1.768,2.0
94,GACGB10_2023Q3,Australia 10Y Yield,2023Q3,64,3.8662,4.4863
90,GACGB10_2022Q3,Australia 10Y Yield,2022Q3,64,2.9763,4.095
226,GACGB30_2023Q3,Australia 30Y Yield,2023Q3,64,4.1878,4.8543
245,GACGB3M_2012Q3,Australia 3M Yield,2012Q3,64,3.2184,3.4974
265,GACGB3M_2017Q3,Australia 3M Yield,2017Q3,64,1.6116,1.708
222,GACGB30_2022Q3,Australia 30Y Yield,2022Q3,64,3.38,4.22
827,GJGB2_2002Q3,Japan 2Y Yield,2002Q3,64,0.024,0.07
203,GACGB30_2017Q3,Australia 30Y Yield,2017Q3,64,3.392,3.63
207,GACGB30_2018Q3,Australia 30Y Yield,2018Q3,64,3.016,3.229
190,GACGB2_2022Q3,Australia 2Y Yield,2022Q3,64,2.43,3.4975
70,GACGB10_2017Q3,Australia 10Y Yield,2017Q3,64,2.579,2.861
302,GACGB5_2001Q4,Australia 5Y Yield,2001Q4,64,4.445,5.508
301,GACGB5_2001Q3,Australia 5Y Yield,2001Q3,64,4.895,5.935
297,GACGB5_2000Q3,Australia 5Y Yield,2000Q3,64,5.965,6.388
289,GACGB3M_2023Q3,Australia 3M Yield,2023Q3,64,4.095,4.2376
285,GACGB3M_2022Q3,Australia 3M Yield,2022Q3,64,1.6416,2.9717
711,GCNY5YR_2023Q3,China 5Y Yield,2023Q3,64,2.351,2.543
321,GACGB5_2006Q3,Australia 5Y Yield,2006Q3,64,5.635,5.985
1127,GJTB3MO_2002Q3,Japan 3M Yield,2002Q3,64,0.001,0.01
695,GCNY5YR_2019Q3,China 5Y Yield,2019Q3,64,2.868,3.053
345,GACGB5_2012Q3,Australia 5Y Yield,2012Q3,64,2.2715,2.9903
365,GACGB5_2017Q3,Australia 5Y Yield,2017Q3,64,2.128,2.383
600,GCNY3M_2015Q3,China 3M Yield,2015Q3,64,1.85,2.79
369,GACGB5_2018Q3,Australia 5Y Yield,2018Q3,64,2.119,2.329
576,GCNY30YR_2023Q3,China 30Y Yield,2023Q3,64,2.879,3.03
389,GACGB5_2023Q3,Australia 5Y Yield,2023Q3,64,3.7425,4.1884
580,GCNY30YR_2024Q3,China 30Y Yield,2024Q3,64,2.143,2.51
50,GACGB10_2012Q3,Australia 10Y Yield,2012Q3,64,2.796,3.4785
588,GCNY3M_2012Q3,China 3M Yield,2012Q3,64,2.03,2.95
592,GCNY3M_2013Q3,China 3M Yield,2013Q3,64,2.89,4.06
568,GCNY30YR_2021Q3,China 30Y Yield,2021Q3,64,3.372,3.669
385,GACGB5_2022Q3,Australia 5Y Yield,2022Q3,64,2.7375,3.8263
715,GCNY5YR_2024Q3,China 5Y Yield,2024Q3,64,1.701,2.021
727,GJGB10_2002Q3,Japan 10Y Yield,2002Q3,64,1.038,1.358
74,GACGB10_2018Q3,Australia 10Y Yield,2018Q3,64,2.519,2.749
703,GCNY5YR_2021Q3,China 5Y Yield,2021Q3,64,2.63,2.943
667,GCNY5YR_2012Q3,China 5Y Yield,2012Q3,64,2.71,3.32
446,GCNY10YR_2018Q3,China 10Y Yield,2018Q3,64,3.443,3.699
422,GCNY10YR_2012Q3,China 10Y Yield,2012Q3,64,3.24,3.56
546,GCNY2YR_2024Q3,China 2Y Yield,2024Q3,64,1.36,1.686
458,GCNY10YR_2021Q3,China 10Y Yield,2021Q3,64,2.816,3.092
466,GCNY10YR_2023Q3,China 10Y Yield,2023Q3,64,2.543,2.705
470,GCNY10YR_2024Q3,China 10Y Yield,2024Q3,64,2.037,2.29
166,GACGB2_2016Q3,Australia 2Y Yield,2016Q3,65,1.413,1.63
210,GACGB30_2019Q3,Australia 30Y Yield,2019Q3,65,1.4393,2.102
98,GACGB10_2024Q3,Australia 10Y Yield,2024Q3,65,3.8121,4.4275
158,GACGB2_2014Q3,Australia 2Y Yield,2014Q3,65,2.4405,2.7273
162,GACGB2_2015Q3,Australia 2Y Yield,2015Q3,65,1.756,2.0195
373,GACGB5_2019Q3,Australia 5Y Yield,2019Q3,65,0.661,1.0695
281,GACGB3M_2021Q3,Australia 3M Yield,2021Q3,65,-0.0384,0.0194
273,GACGB3M_2019Q3,Australia 3M Yield,2019Q3,65,0.9853,1.4425
277,GACGB3M_2020Q3,Australia 3M Yield,2020Q3,65,0.1146,0.2029
249,GACGB3M_2013Q3,Australia 3M Yield,2013Q3,65,2.2696,2.6174
257,GACGB3M_2015Q3,Australia 3M Yield,2015Q3,65,1.881,2.0449
233,GACGB3M_2009Q3,Australia 3M Yield,2009Q3,65,2.9466,3.3549
261,GACGB3M_2016Q3,Australia 3M Yield,2016Q3,65,1.4467,1.7296
218,GACGB30_2021Q3,Australia 30Y Yield,2021Q3,65,1.945,2.3725
214,GACGB30_2020Q3,Australia 30Y Yield,2020Q3,65,1.6543,1.9415
230,GACGB30_2024Q3,Australia 30Y Yield,2024Q3,65,4.3581,4.7999
186,GACGB2_2021Q3,Australia 2Y Yield,2021Q3,65,0.0075,0.1108
82,GACGB10_2020Q3,Australia 10Y Yield,2020Q3,65,0.7725,1.02
86,GACGB10_2021Q3,Australia 10Y Yield,2021Q3,65,1.0785,1.5198
198,GACGB2_2024Q3,Australia 2Y Yield,2024Q3,65,3.5319,4.2377
241,GACGB3M_2011Q3,Australia 3M Yield,2011Q3,65,3.868,4.766
182,GACGB2_2020Q3,Australia 2Y Yield,2020Q3,65,0.1445,0.2703
178,GACGB2_2019Q3,Australia 2Y Yield,2019Q3,65,0.7045,0.997
501,GCNY2YR_2012Q3,China 2Y Yield,2012Q3,65,2.24,3.08
497,GCNY2YR_2011Q3,China 2Y Yield,2011Q3,65,3.45,3.97
122,GACGB2_2005Q3,Australia 2Y Yield,2005Q3,65,4.936,5.299
134,GACGB2_2008Q3,Australia 2Y Yield,2008Q3,65,5.106,6.9201
118,GACGB2_2004Q3,Australia 2Y Yield,2004Q3,65,5.026,5.392
114,GACGB2_2003Q3,Australia 2Y Yield,2003Q3,65,4.408,5.154
154,GACGB2_2013Q3,Australia 2Y Yield,2013Q3,65,2.2785,2.6645
138,GACGB2_2009Q3,Australia 2Y Yield,2009Q3,65,3.6521,4.6222
146,GACGB2_2011Q3,Australia 2Y Yield,2011Q3,65,3.4427,4.8125
699,GCNY5YR_2020Q3,China 5Y Yield,2020Q3,65,2.561,3.098
305,GACGB5_2002Q3,Australia 5Y Yield,2002Q3,65,5.04,5.835
78,GACGB10_2019Q3,Australia 10Y Yield,2019Q3,65,0.876,1.4533
66,GACGB10_2016Q3,Australia 10Y Yield,2016Q3,65,1.819,2.128
309,GACGB5_2003Q3,Australia 5Y Yield,2003Q3,65,4.742,5.455
42,GACGB10_2010Q3,Australia 10Y Yield,2010Q3,65,4.7628,5.27
663,GCNY5YR_2011Q3,China 5Y Yield,2011Q3,65,3.53,4.03
687,GCNY5YR_2017Q3,China 5Y Yield,2017Q3,65,3.493,3.673
341,GACGB5_2011Q3,Australia 5Y Yield,2011Q3,65,3.5835,4.9583
317,GACGB5_2005Q3,Australia 5Y Yield,2005Q3,65,4.938,5.346
329,GACGB5_2008Q3,Australia 5Y Yield,2008Q3,65,5.1876,6.679
333,GACGB5_2009Q3,Australia 5Y Yield,2009Q3,65,4.85,5.5945
337,GACGB5_2010Q3,Australia 5Y Yield,2010Q3,65,4.3854,4.995
707,GCNY5YR_2022Q3,China 5Y Yield,2022Q3,65,2.357,2.679
313,GACGB5_2004Q3,Australia 5Y Yield,2004Q3,65,5.216,5.718
293,GACGB3M_2024Q3,Australia 3M Yield,2024Q3,65,4.3005,4.4156
357,GACGB5_2015Q3,Australia 5Y Yield,2015Q3,65,1.862,2.3442
647,GCNY5YR_2007Q3,China 5Y Yield,2007Q3,65,3.68,3.92
361,GACGB5_2016Q3,Australia 5Y Yield,2016Q3,65,1.467,1.774
349,GACGB5_2013Q3,Australia 5Y Yield,2013Q3,65,2.8495,3.3542
353,GACGB5_2014Q3,Australia 5Y Yield,2014Q3,65,2.745,3.1117
393,GACGB5_2024Q3,Australia 5Y Yield,2024Q3,65,3.4216,4.1601
54,GACGB10_2013Q3,Australia 10Y Yield,2013Q3,65,3.6523,4.168
58,GACGB10_2014Q3,Australia 10Y Yield,2014Q3,65,3.2787,3.7267
62,GACGB10_2015Q3,Australia 10Y Yield,2015Q3,65,2.4975,3.11
643,GCNY5YR_2006Q3,China 5Y Yield,2006Q3,65,2.644,2.798
381,GACGB5_2021Q3,Australia 5Y Yield,2021Q3,65,0.5195,0.8433
38,GACGB10_2009Q3,Australia 10Y Yield,2009Q3,65,5.1425,5.7429
377,GACGB5_2020Q3,Australia 5Y Yield,2020Q3,65,0.2763,0.422
402,GCNY10YR_2007Q3,China 10Y Yield,2007Q3,65,4.25,4.53
46,GACGB10_2011Q3,Australia 10Y Yield,2011Q3,65,4.0138,5.2793
142,GACGB2_2010Q3,Australia 2Y Yield,2010Q3,65,4.2358,4.8468
110,GACGB2_2002Q3,Australia 2Y Yield,2002Q3,65,4.825,5.54
18,GACGB10_2004Q3,Australia 10Y Yield,2004Q3,65,5.336,5.924
538,GCNY2YR_2022Q3,China 2Y Yield,2022Q3,65,2.017,2.303
22,GACGB10_2005Q3,Australia 10Y Yield,2005Q3,65,5.008,5.399
481,GCNY2YR_2007Q3,China 2Y Yield,2007Q3,65,3.28,3.56
477,GCNY2YR_2006Q3,China 2Y Yield,2006Q3,65,2.121,2.384
442,GCNY10YR_2017Q3,China 10Y Yield,2017Q3,65,3.567,3.702
560,GCNY30YR_2019Q3,China 30Y Yield,2019Q3,65,3.615,3.866
398,GCNY10YR_2006Q3,China 10Y Yield,2006Q3,65,3.036,3.288
584,GCNY3M_2011Q3,China 3M Yield,2011Q3,65,3.21,3.78
572,GCNY30YR_2022Q3,China 30Y Yield,2022Q3,65,3.084,3.336
34,GACGB10_2008Q3,Australia 10Y Yield,2008Q3,65,5.3952,6.5698
418,GCNY10YR_2011Q3,China 10Y Yield,2011Q3,65,3.89,4.12
10,GACGB10_2002Q3,Australia 10Y Yield,2002Q3,65,5.28,6.137
462,GCNY10YR_2022Q3,China 10Y Yield,2022Q3,65,2.624,2.849
14,GACGB10_2003Q3,Australia 10Y Yield,2003Q3,65,5.01,5.68
450,GCNY10YR_2019Q3,China 10Y Yield,2019Q3,65,3.01,3.229
410,GCNY10YR_2009Q3,China 10Y Yield,2009Q3,66,3.25,3.55
655,GCNY5YR_2009Q3,China 5Y Yield,2009Q3,66,2.49,3.01
489,GCNY2YR_2009Q3,China 2Y Yield,2009Q3,66,1.18,1.81
564,GCNY30YR_2020Q3,China 30Y Yield,2020Q3,66,3.583,3.873
454,GCNY10YR_2020Q3,China 10Y Yield,2020Q3,66,2.849,3.153
