Symbol,Maturity,Quarter_Year,Length,Min_Yield,Max_Yield
GACGB10_2000Q1,Australia 10Y Yield,2000Q1,63,6.325,7.305
GACGB10_2000Q2,Australia 10Y Yield,2000Q2,61,6.057,6.612
GACGB10_2000Q3,Australia 10Y Yield,2000Q3,64,5.965,6.31
GACGB10_2000Q4,Australia 10Y Yield,2000Q4,62,5.42,6.223
GACGB10_2001Q1,Australia 10Y Yield,2001Q1,63,4.972,5.525
GACGB10_2001Q2,Australia 10Y Yield,2001Q2,61,5.243,6.123
GACGB10_2001Q3,Australia 10Y Yield,2001Q3,64,5.447,6.218
GACGB10_2001Q4,Australia 10Y Yield,2001Q4,64,5.005,6.093
GACGB10_2002Q1,Australia 10Y Yield,2002Q1,61,5.598,6.465
GACGB10_2002Q2,Australia 10Y Yield,2002Q2,62,5.895,6.498
GACGB10_2002Q3,Australia 10Y Yield,2002Q3,65,5.28,6.137
GACGB10_2002Q4,Australia 10Y Yield,2002Q4,63,5.108,5.955
GACGB10_2003Q1,Australia 10Y Yield,2003Q1,62,5.005,5.583
GACGB10_2003Q2,Australia 10Y Yield,2003Q2,61,4.6,5.53
GACGB10_2003Q3,Australia 10Y Yield,2003Q3,65,5.01,5.68
GACGB10_2003Q4,Australia 10Y Yield,2003Q4,63,5.246,6.008
GACGB10_2004Q1,Australia 10Y Yield,2004Q1,63,5.303,5.866
GACGB10_2004Q2,Australia 10Y Yield,2004Q2,61,5.445,6.088
GACGB10_2004Q3,Australia 10Y Yield,2004Q3,65,5.336,5.924
GACGB10_2004Q4,Australia 10Y Yield,2004Q4,63,5.129,5.553
GACGB10_2005Q1,Australia 10Y Yield,2005Q1,60,5.24,5.761
GACGB10_2005Q2,Australia 10Y Yield,2005Q2,63,5.045,5.642
GACGB10_2005Q3,Australia 10Y Yield,2005Q3,65,5.008,5.399
GACGB10_2005Q4,Australia 10Y Yield,2005Q4,62,5.2,5.565
GACGB10_2006Q1,Australia 10Y Yield,2006Q1,63,5.115,5.445
GACGB10_2006Q2,Australia 10Y Yield,2006Q2,61,5.413,5.875
GACGB10_2006Q3,Australia 10Y Yield,2006Q3,64,5.468,5.93
GACGB10_2006Q4,Australia 10Y Yield,2006Q4,62,5.483,5.891
GACGB10_2007Q1,Australia 10Y Yield,2007Q1,63,5.606,5.948
GACGB10_2007Q2,Australia 10Y Yield,2007Q2,61,5.816,6.298
GACGB10_2007Q3,Australia 10Y Yield,2007Q3,63,5.798,6.296
GACGB10_2007Q4,Australia 10Y Yield,2007Q4,63,5.836,6.404
GACGB10_2008Q1,Australia 10Y Yield,2008Q1,61,5.866,6.478
GACGB10_2008Q2,Australia 10Y Yield,2008Q2,63,5.999,6.786
GACGB10_2008Q3,Australia 10Y Yield,2008Q3,65,5.3952,6.5698
GACGB10_2008Q4,Australia 10Y Yield,2008Q4,63,3.9694,5.547
GACGB10_2009Q1,Australia 10Y Yield,2009Q1,62,3.851,4.5642
GACGB10_2009Q2,Australia 10Y Yield,2009Q2,62,4.363,5.8601
GACGB10_2009Q3,Australia 10Y Yield,2009Q3,65,5.1425,5.7429
GACGB10_2009Q4,Australia 10Y Yield,2009Q4,63,5.1047,5.7389
GACGB10_2010Q1,Australia 10Y Yield,2010Q1,62,5.379,5.7956
GACGB10_2010Q2,Australia 10Y Yield,2010Q2,61,5.0945,5.8579
GACGB10_2010Q3,Australia 10Y Yield,2010Q3,65,4.7628,5.27
GACGB10_2010Q4,Australia 10Y Yield,2010Q4,63,4.9831,5.7019
GACGB10_2011Q1,Australia 10Y Yield,2011Q1,62,5.3542,5.7502
GACGB10_2011Q2,Australia 10Y Yield,2011Q2,61,4.9992,5.6693
GACGB10_2011Q3,Australia 10Y Yield,2011Q3,65,4.0138,5.2793
GACGB10_2011Q4,Australia 10Y Yield,2011Q4,62,3.6685,4.5778
GACGB10_2012Q1,Australia 10Y Yield,2012Q1,63,3.668,4.2815
GACGB10_2012Q2,Australia 10Y Yield,2012Q2,61,2.7703,4.1277
GACGB10_2012Q3,Australia 10Y Yield,2012Q3,64,2.796,3.4785
GACGB10_2012Q4,Australia 10Y Yield,2012Q4,63,2.9167,3.389
GACGB10_2013Q1,Australia 10Y Yield,2013Q1,61,3.2765,3.6835
GACGB10_2013Q2,Australia 10Y Yield,2013Q2,62,3.0327,4.0342
GACGB10_2013Q3,Australia 10Y Yield,2013Q3,65,3.6523,4.168
GACGB10_2013Q4,Australia 10Y Yield,2013Q4,63,3.942,4.4303
GACGB10_2014Q1,Australia 10Y Yield,2014Q1,62,3.9808,4.3758
GACGB10_2014Q2,Australia 10Y Yield,2014Q2,61,3.5415,4.1832
GACGB10_2014Q3,Australia 10Y Yield,2014Q3,65,3.2787,3.7267
GACGB10_2014Q4,Australia 10Y Yield,2014Q4,63,2.7395,3.4857
GACGB10_2015Q1,Australia 10Y Yield,2015Q1,62,2.2817,2.8698
GACGB10_2015Q2,Australia 10Y Yield,2015Q2,62,2.2817,3.1488
GACGB10_2015Q3,Australia 10Y Yield,2015Q3,65,2.4975,3.11
GACGB10_2015Q4,Australia 10Y Yield,2015Q4,63,2.561,2.952
GACGB10_2016Q1,Australia 10Y Yield,2016Q1,61,2.354,2.815
GACGB10_2016Q2,Australia 10Y Yield,2016Q2,63,1.981,2.652
GACGB10_2016Q3,Australia 10Y Yield,2016Q3,65,1.819,2.128
GACGB10_2016Q4,Australia 10Y Yield,2016Q4,62,2.069,2.872
GACGB10_2017Q1,Australia 10Y Yield,2017Q1,63,2.643,2.977
GACGB10_2017Q2,Australia 10Y Yield,2017Q2,61,2.354,2.682
GACGB10_2017Q3,Australia 10Y Yield,2017Q3,64,2.579,2.861
GACGB10_2017Q4,Australia 10Y Yield,2017Q4,62,2.47,2.841
GACGB10_2018Q1,Australia 10Y Yield,2018Q1,62,2.589,2.936
GACGB10_2018Q2,Australia 10Y Yield,2018Q2,62,2.606,2.922
GACGB10_2018Q3,Australia 10Y Yield,2018Q3,64,2.519,2.749
GACGB10_2018Q4,Australia 10Y Yield,2018Q4,63,2.3183,2.768
GACGB10_2019Q1,Australia 10Y Yield,2019Q1,62,1.7255,2.327
GACGB10_2019Q2,Australia 10Y Yield,2019Q2,61,1.2785,1.9555
GACGB10_2019Q3,Australia 10Y Yield,2019Q3,65,0.876,1.4533
GACGB10_2019Q4,Australia 10Y Yield,2019Q4,63,0.8818,1.3705
GACGB10_2020Q1,Australia 10Y Yield,2020Q1,63,0.611,1.4897
GACGB10_2020Q2,Australia 10Y Yield,2020Q2,62,0.678,1.0928
GACGB10_2020Q3,Australia 10Y Yield,2020Q3,65,0.7725,1.02
GACGB10_2020Q4,Australia 10Y Yield,2020Q4,63,0.722,1.036
GACGB10_2021Q1,Australia 10Y Yield,2021Q1,62,0.981,1.9173
GACGB10_2021Q2,Australia 10Y Yield,2021Q2,62,1.4878,1.841
GACGB10_2021Q3,Australia 10Y Yield,2021Q3,65,1.0785,1.5198
GACGB10_2021Q4,Australia 10Y Yield,2021Q4,63,1.49,2.0875
GACGB10_2022Q1,Australia 10Y Yield,2022Q1,62,1.7475,2.9025
GACGB10_2022Q2,Australia 10Y Yield,2022Q2,61,2.8275,4.2
GACGB10_2022Q3,Australia 10Y Yield,2022Q3,64,2.9763,4.095
GACGB10_2022Q4,Australia 10Y Yield,2022Q4,62,3.295,4.1988
GACGB10_2023Q1,Australia 10Y Yield,2023Q1,63,3.1913,4.0025
GACGB10_2023Q2,Australia 10Y Yield,2023Q2,61,3.185,4.0261
GACGB10_2023Q3,Australia 10Y Yield,2023Q3,64,3.8662,4.4863
GACGB10_2023Q4,Australia 10Y Yield,2023Q4,62,3.8922,4.9459
GACGB10_2024Q1,Australia 10Y Yield,2024Q1,62,3.9447,4.2936
GACGB10_2024Q2,Australia 10Y Yield,2024Q2,62,4.0711,4.5204
GACGB10_2024Q3,Australia 10Y Yield,2024Q3,65,3.8121,4.4275
GACGB10_2024Q4,Australia 10Y Yield,2024Q4,22,3.9524,4.5039
GACGB2_2000Q1,Australia 2Y Yield,2000Q1,63,6.105,6.84
GACGB2_2000Q2,Australia 2Y Yield,2000Q2,61,5.84,6.44
GACGB2_2000Q3,Australia 2Y Yield,2000Q3,64,5.795,6.465
GACGB2_2000Q4,Australia 2Y Yield,2000Q4,62,5.26,6.185
GACGB2_2001Q1,Australia 2Y Yield,2001Q1,63,4.37,5.14
GACGB2_2001Q2,Australia 2Y Yield,2001Q2,61,4.64,5.405
GACGB2_2001Q3,Australia 2Y Yield,2001Q3,64,4.2,5.53
GACGB2_2001Q4,Australia 2Y Yield,2001Q4,64,3.813,4.715
GACGB2_2002Q1,Australia 2Y Yield,2002Q1,61,4.29,5.695
GACGB2_2002Q2,Australia 2Y Yield,2002Q2,62,5.205,5.98
GACGB2_2002Q3,Australia 2Y Yield,2002Q3,65,4.825,5.54
GACGB2_2002Q4,Australia 2Y Yield,2002Q4,63,4.54,5.213
GACGB2_2003Q1,Australia 2Y Yield,2003Q1,62,4.303,4.788
GACGB2_2003Q2,Australia 2Y Yield,2003Q2,61,4.043,4.733
GACGB2_2003Q3,Australia 2Y Yield,2003Q3,65,4.408,5.154
GACGB2_2003Q4,Australia 2Y Yield,2003Q4,63,4.839,5.728
GACGB2_2004Q1,Australia 2Y Yield,2004Q1,63,4.987,5.468
GACGB2_2004Q2,Australia 2Y Yield,2004Q2,61,5.096,5.504
GACGB2_2004Q3,Australia 2Y Yield,2004Q3,65,5.026,5.392
GACGB2_2004Q4,Australia 2Y Yield,2004Q4,63,4.849,5.23
GACGB2_2005Q1,Australia 2Y Yield,2005Q1,60,4.995,5.66
GACGB2_2005Q2,Australia 2Y Yield,2005Q2,63,5.084,5.554
GACGB2_2005Q3,Australia 2Y Yield,2005Q3,65,4.936,5.299
GACGB2_2005Q4,Australia 2Y Yield,2005Q4,62,5.22,5.405
GACGB2_2006Q1,Australia 2Y Yield,2006Q1,63,5.13,5.355
GACGB2_2006Q2,Australia 2Y Yield,2006Q2,61,5.32,5.87
GACGB2_2006Q3,Australia 2Y Yield,2006Q3,64,5.755,6.048
GACGB2_2006Q4,Australia 2Y Yield,2006Q4,62,5.826,6.229
GACGB2_2007Q1,Australia 2Y Yield,2007Q1,63,6.012,6.307
GACGB2_2007Q2,Australia 2Y Yield,2007Q2,61,6.09,6.533
GACGB2_2007Q3,Australia 2Y Yield,2007Q3,63,6.144,6.473
GACGB2_2007Q4,Australia 2Y Yield,2007Q4,63,6.472,6.902
GACGB2_2008Q1,Australia 2Y Yield,2008Q1,61,5.993,7.08
GACGB2_2008Q2,Australia 2Y Yield,2008Q2,63,6.102,7.1704
GACGB2_2008Q3,Australia 2Y Yield,2008Q3,65,5.106,6.9201
GACGB2_2008Q4,Australia 2Y Yield,2008Q4,63,2.7371,5.1393
GACGB2_2009Q1,Australia 2Y Yield,2009Q1,62,2.388,3.005
GACGB2_2009Q2,Australia 2Y Yield,2009Q2,62,2.8066,4.1626
GACGB2_2009Q3,Australia 2Y Yield,2009Q3,65,3.6521,4.6222
GACGB2_2009Q4,Australia 2Y Yield,2009Q4,63,4.2051,4.9311
GACGB2_2010Q1,Australia 2Y Yield,2010Q1,62,4.0402,5.0117
GACGB2_2010Q2,Australia 2Y Yield,2010Q2,61,4.301,5.0488
GACGB2_2010Q3,Australia 2Y Yield,2010Q3,65,4.2358,4.8468
GACGB2_2010Q4,Australia 2Y Yield,2010Q4,63,4.7136,5.2745
GACGB2_2011Q1,Australia 2Y Yield,2011Q1,62,4.7165,5.207
GACGB2_2011Q2,Australia 2Y Yield,2011Q2,61,4.531,5.0677
GACGB2_2011Q3,Australia 2Y Yield,2011Q3,65,3.4427,4.8125
GACGB2_2011Q4,Australia 2Y Yield,2011Q4,62,3.1298,4.0452
GACGB2_2012Q1,Australia 2Y Yield,2012Q1,63,3.1435,3.8095
GACGB2_2012Q2,Australia 2Y Yield,2012Q2,61,2.054,3.516
GACGB2_2012Q3,Australia 2Y Yield,2012Q3,64,2.277,2.9727
GACGB2_2012Q4,Australia 2Y Yield,2012Q4,63,2.3645,2.7903
GACGB2_2013Q1,Australia 2Y Yield,2013Q1,61,2.629,3.0752
GACGB2_2013Q2,Australia 2Y Yield,2013Q2,62,2.414,2.8788
GACGB2_2013Q3,Australia 2Y Yield,2013Q3,65,2.2785,2.6645
GACGB2_2013Q4,Australia 2Y Yield,2013Q4,63,2.598,2.8277
GACGB2_2014Q1,Australia 2Y Yield,2014Q1,62,2.62,2.8712
GACGB2_2014Q2,Australia 2Y Yield,2014Q2,61,2.5135,2.894
GACGB2_2014Q3,Australia 2Y Yield,2014Q3,65,2.4405,2.7273
GACGB2_2014Q4,Australia 2Y Yield,2014Q4,63,2.17,2.628
GACGB2_2015Q1,Australia 2Y Yield,2015Q1,62,1.7302,2.2132
GACGB2_2015Q2,Australia 2Y Yield,2015Q2,62,1.6788,2.1485
GACGB2_2015Q3,Australia 2Y Yield,2015Q3,65,1.756,2.0195
GACGB2_2015Q4,Australia 2Y Yield,2015Q4,63,1.736,2.093
GACGB2_2016Q1,Australia 2Y Yield,2016Q1,61,1.733,2.054
GACGB2_2016Q2,Australia 2Y Yield,2016Q2,63,1.545,2.056
GACGB2_2016Q3,Australia 2Y Yield,2016Q3,65,1.413,1.63
GACGB2_2016Q4,Australia 2Y Yield,2016Q4,62,1.571,1.906
GACGB2_2017Q1,Australia 2Y Yield,2017Q1,63,1.737,1.922
GACGB2_2017Q2,Australia 2Y Yield,2017Q2,61,1.546,1.735
GACGB2_2017Q3,Australia 2Y Yield,2017Q3,64,1.768,2.0
GACGB2_2017Q4,Australia 2Y Yield,2017Q4,62,1.719,2.006
GACGB2_2018Q1,Australia 2Y Yield,2018Q1,62,1.952,2.107
GACGB2_2018Q2,Australia 2Y Yield,2018Q2,62,1.967,2.129
GACGB2_2018Q3,Australia 2Y Yield,2018Q3,64,1.964,2.121
GACGB2_2018Q4,Australia 2Y Yield,2018Q4,63,1.8998,2.0825
GACGB2_2019Q1,Australia 2Y Yield,2019Q1,62,1.4535,1.855
GACGB2_2019Q2,Australia 2Y Yield,2019Q2,61,0.9073,1.5223
GACGB2_2019Q3,Australia 2Y Yield,2019Q3,65,0.7045,0.997
GACGB2_2019Q4,Australia 2Y Yield,2019Q4,63,0.6125,0.9208
GACGB2_2020Q1,Australia 2Y Yield,2020Q1,63,0.2393,0.881
GACGB2_2020Q2,Australia 2Y Yield,2020Q2,62,0.2058,0.2865
GACGB2_2020Q3,Australia 2Y Yield,2020Q3,65,0.1445,0.2703
GACGB2_2020Q4,Australia 2Y Yield,2020Q4,63,0.0733,0.1795
GACGB2_2021Q1,Australia 2Y Yield,2021Q1,62,0.072,0.13
GACGB2_2021Q2,Australia 2Y Yield,2021Q2,62,0.0133,0.089
GACGB2_2021Q3,Australia 2Y Yield,2021Q3,65,0.0075,0.1108
GACGB2_2021Q4,Australia 2Y Yield,2021Q4,63,0.05,0.775
GACGB2_2022Q1,Australia 2Y Yield,2022Q1,62,0.6488,1.9125
GACGB2_2022Q2,Australia 2Y Yield,2022Q2,61,1.8375,3.315
GACGB2_2022Q3,Australia 2Y Yield,2022Q3,64,2.43,3.4975
GACGB2_2022Q4,Australia 2Y Yield,2022Q4,62,2.9825,3.6475
GACGB2_2023Q1,Australia 2Y Yield,2023Q1,63,2.825,3.6288
GACGB2_2023Q2,Australia 2Y Yield,2023Q2,61,2.8313,4.2173
GACGB2_2023Q3,Australia 2Y Yield,2023Q3,64,3.7798,4.3087
GACGB2_2023Q4,Australia 2Y Yield,2023Q4,62,3.6693,4.4621
GACGB2_2024Q1,Australia 2Y Yield,2024Q1,62,3.6643,3.9586
GACGB2_2024Q2,Australia 2Y Yield,2024Q2,62,3.7037,4.2649
GACGB2_2024Q3,Australia 2Y Yield,2024Q3,65,3.5319,4.2377
GACGB2_2024Q4,Australia 2Y Yield,2024Q4,22,3.5642,4.0465
GACGB30_2016Q4,Australia 30Y Yield,2016Q4,40,3.253,3.965
GACGB30_2017Q1,Australia 30Y Yield,2017Q1,63,3.601,3.928
GACGB30_2017Q2,Australia 30Y Yield,2017Q2,61,3.261,3.644
GACGB30_2017Q3,Australia 30Y Yield,2017Q3,64,3.392,3.63
GACGB30_2017Q4,Australia 30Y Yield,2017Q4,62,3.231,3.605
GACGB30_2018Q1,Australia 30Y Yield,2018Q1,62,3.186,3.536
GACGB30_2018Q2,Australia 30Y Yield,2018Q2,62,3.093,3.432
GACGB30_2018Q3,Australia 30Y Yield,2018Q3,64,3.016,3.229
GACGB30_2018Q4,Australia 30Y Yield,2018Q4,63,2.8013,3.294
GACGB30_2019Q1,Australia 30Y Yield,2019Q1,62,2.385,2.8568
GACGB30_2019Q3,Australia 30Y Yield,2019Q3,65,1.4393,2.102
GACGB30_2019Q4,Australia 30Y Yield,2019Q4,63,1.4675,1.991
GACGB30_2020Q1,Australia 30Y Yield,2020Q1,63,1.1635,2.1955
GACGB30_2020Q2,Australia 30Y Yield,2020Q2,62,1.503,1.9518
GACGB30_2020Q3,Australia 30Y Yield,2020Q3,65,1.6543,1.9415
GACGB30_2020Q4,Australia 30Y Yield,2020Q4,63,1.6715,2.0243
GACGB30_2021Q1,Australia 30Y Yield,2021Q1,62,1.9275,2.908
GACGB30_2021Q2,Australia 30Y Yield,2021Q2,62,2.2813,2.7285
GACGB30_2021Q3,Australia 30Y Yield,2021Q3,65,1.945,2.3725
GACGB30_2021Q4,Australia 30Y Yield,2021Q4,63,2.2275,2.775
GACGB30_2022Q1,Australia 30Y Yield,2022Q1,62,2.4075,3.28
GACGB30_2022Q2,Australia 30Y Yield,2022Q2,61,3.225,4.3625
GACGB30_2022Q3,Australia 30Y Yield,2022Q3,64,3.38,4.22
GACGB30_2022Q4,Australia 30Y Yield,2022Q4,62,3.59,4.53
GACGB30_2023Q1,Australia 30Y Yield,2023Q1,63,3.6988,4.2825
GACGB30_2023Q2,Australia 30Y Yield,2023Q2,61,3.7325,4.354
GACGB30_2023Q3,Australia 30Y Yield,2023Q3,64,4.1878,4.8543
GACGB30_2023Q4,Australia 30Y Yield,2023Q4,62,4.2419,5.3243
GACGB30_2024Q1,Australia 30Y Yield,2024Q1,62,4.3142,4.6423
GACGB30_2024Q2,Australia 30Y Yield,2024Q2,62,4.4279,4.837
GACGB30_2024Q3,Australia 30Y Yield,2024Q3,65,4.3581,4.7999
GACGB30_2024Q4,Australia 30Y Yield,2024Q4,22,4.5172,4.9596
GACGB3M_2009Q2,Australia 3M Yield,2009Q2,30,2.9477,3.3336
GACGB3M_2009Q3,Australia 3M Yield,2009Q3,65,2.9466,3.3549
GACGB3M_2009Q4,Australia 3M Yield,2009Q4,62,3.0301,4.5747
GACGB3M_2010Q1,Australia 3M Yield,2010Q1,62,3.6344,4.2783
GACGB3M_2010Q2,Australia 3M Yield,2010Q2,61,4.0355,4.4798
GACGB3M_2010Q3,Australia 3M Yield,2010Q3,63,4.3133,4.982
GACGB3M_2010Q4,Australia 3M Yield,2010Q4,63,4.3579,5.0452
GACGB3M_2011Q1,Australia 3M Yield,2011Q1,62,4.341,4.924
GACGB3M_2011Q2,Australia 3M Yield,2011Q2,61,4.682,4.918
GACGB3M_2011Q3,Australia 3M Yield,2011Q3,65,3.868,4.766
GACGB3M_2011Q4,Australia 3M Yield,2011Q4,62,3.738,4.608
GACGB3M_2012Q1,Australia 3M Yield,2012Q1,63,3.9005,4.2203
GACGB3M_2012Q2,Australia 3M Yield,2012Q2,61,2.9559,4.1053
GACGB3M_2012Q3,Australia 3M Yield,2012Q3,64,3.2184,3.4974
GACGB3M_2012Q4,Australia 3M Yield,2012Q4,63,2.9222,3.195
GACGB3M_2013Q1,Australia 3M Yield,2013Q1,61,2.8153,2.9823
GACGB3M_2013Q2,Australia 3M Yield,2013Q2,62,2.51,2.9465
GACGB3M_2013Q3,Australia 3M Yield,2013Q3,65,2.2696,2.6174
GACGB3M_2013Q4,Australia 3M Yield,2013Q4,63,2.1741,2.5141
GACGB3M_2014Q1,Australia 3M Yield,2014Q1,43,2.3281,2.4643
GACGB3M_2014Q2,Australia 3M Yield,2014Q2,35,2.4164,2.4944
GACGB3M_2014Q3,Australia 3M Yield,2014Q3,59,2.4732,2.6084
GACGB3M_2014Q4,Australia 3M Yield,2014Q4,61,2.3832,2.5563
GACGB3M_2015Q1,Australia 3M Yield,2015Q1,62,1.9618,2.5175
GACGB3M_2015Q2,Australia 3M Yield,2015Q2,62,1.9497,2.0684
GACGB3M_2015Q3,Australia 3M Yield,2015Q3,65,1.881,2.0449
GACGB3M_2015Q4,Australia 3M Yield,2015Q4,62,1.83,2.0857
GACGB3M_2016Q1,Australia 3M Yield,2016Q1,61,1.9962,2.0733
GACGB3M_2016Q2,Australia 3M Yield,2016Q2,63,1.6561,2.0841
GACGB3M_2016Q3,Australia 3M Yield,2016Q3,65,1.4467,1.7296
GACGB3M_2016Q4,Australia 3M Yield,2016Q4,62,1.5617,1.818
GACGB3M_2017Q1,Australia 3M Yield,2017Q1,63,1.5464,2.0062
GACGB3M_2017Q2,Australia 3M Yield,2017Q2,61,1.5474,1.683
GACGB3M_2017Q3,Australia 3M Yield,2017Q3,64,1.6116,1.708
GACGB3M_2017Q4,Australia 3M Yield,2017Q4,62,1.6566,1.7424
GACGB3M_2018Q1,Australia 3M Yield,2018Q1,62,1.6979,2.033
GACGB3M_2018Q2,Australia 3M Yield,2018Q2,62,1.6443,2.0396
GACGB3M_2018Q3,Australia 3M Yield,2018Q3,62,1.8861,2.0405
GACGB3M_2018Q4,Australia 3M Yield,2018Q4,63,1.8153,2.0203
GACGB3M_2019Q1,Australia 3M Yield,2019Q1,62,1.7949,1.9337
GACGB3M_2019Q2,Australia 3M Yield,2019Q2,61,1.4313,1.7984
GACGB3M_2019Q3,Australia 3M Yield,2019Q3,65,0.9853,1.4425
GACGB3M_2019Q4,Australia 3M Yield,2019Q4,63,0.865,0.9545
GACGB3M_2020Q1,Australia 3M Yield,2020Q1,63,0.3717,0.9573
GACGB3M_2020Q2,Australia 3M Yield,2020Q2,62,0.126,0.4083
GACGB3M_2020Q3,Australia 3M Yield,2020Q3,65,0.1146,0.2029
GACGB3M_2020Q4,Australia 3M Yield,2020Q4,63,-0.0641,0.1187
GACGB3M_2021Q1,Australia 3M Yield,2021Q1,61,-0.0154,0.0465
GACGB3M_2021Q2,Australia 3M Yield,2021Q2,50,-0.0114,0.076
GACGB3M_2021Q3,Australia 3M Yield,2021Q3,65,-0.0384,0.0194
GACGB3M_2021Q4,Australia 3M Yield,2021Q4,63,-0.0168,0.0934
GACGB3M_2022Q1,Australia 3M Yield,2022Q1,62,0.0192,0.1103
GACGB3M_2022Q2,Australia 3M Yield,2022Q2,61,0.1053,1.6847
GACGB3M_2022Q3,Australia 3M Yield,2022Q3,64,1.6416,2.9717
GACGB3M_2022Q4,Australia 3M Yield,2022Q4,62,2.7125,3.1424
GACGB3M_2023Q1,Australia 3M Yield,2023Q1,63,3.1396,3.6772
GACGB3M_2023Q2,Australia 3M Yield,2023Q2,61,3.586,4.3463
GACGB3M_2023Q3,Australia 3M Yield,2023Q3,64,4.095,4.2376
GACGB3M_2023Q4,Australia 3M Yield,2023Q4,62,4.1124,4.3664
GACGB3M_2024Q1,Australia 3M Yield,2024Q1,62,4.2434,4.3339
GACGB3M_2024Q2,Australia 3M Yield,2024Q2,62,4.2185,4.3759
GACGB3M_2024Q3,Australia 3M Yield,2024Q3,65,4.3005,4.4156
GACGB3M_2024Q4,Australia 3M Yield,2024Q4,22,4.3111,4.4161
GACGB5_2000Q1,Australia 5Y Yield,2000Q1,63,6.355,7.11
GACGB5_2000Q2,Australia 5Y Yield,2000Q2,61,6.01,6.61
GACGB5_2000Q3,Australia 5Y Yield,2000Q3,64,5.965,6.388
GACGB5_2000Q4,Australia 5Y Yield,2000Q4,62,5.3,6.155
GACGB5_2001Q1,Australia 5Y Yield,2001Q1,63,4.588,5.238
GACGB5_2001Q2,Australia 5Y Yield,2001Q2,61,4.855,5.77
GACGB5_2001Q3,Australia 5Y Yield,2001Q3,64,4.895,5.935
GACGB5_2001Q4,Australia 5Y Yield,2001Q4,64,4.445,5.508
GACGB5_2002Q1,Australia 5Y Yield,2002Q1,61,5.08,6.105
GACGB5_2002Q2,Australia 5Y Yield,2002Q2,62,5.53,6.195
GACGB5_2002Q3,Australia 5Y Yield,2002Q3,65,5.04,5.835
GACGB5_2002Q4,Australia 5Y Yield,2002Q4,63,4.725,5.593
GACGB5_2003Q1,Australia 5Y Yield,2003Q1,62,4.49,5.11
GACGB5_2003Q2,Australia 5Y Yield,2003Q2,61,4.223,5.058
GACGB5_2003Q3,Australia 5Y Yield,2003Q3,65,4.742,5.455
GACGB5_2003Q4,Australia 5Y Yield,2003Q4,63,5.09,5.966
GACGB5_2004Q1,Australia 5Y Yield,2004Q1,63,5.136,5.778
GACGB5_2004Q2,Australia 5Y Yield,2004Q2,61,5.318,5.856
GACGB5_2004Q3,Australia 5Y Yield,2004Q3,65,5.216,5.718
GACGB5_2004Q4,Australia 5Y Yield,2004Q4,63,5.002,5.426
GACGB5_2005Q1,Australia 5Y Yield,2005Q1,60,5.132,5.746
GACGB5_2005Q2,Australia 5Y Yield,2005Q2,63,5.041,5.626
GACGB5_2005Q3,Australia 5Y Yield,2005Q3,65,4.938,5.346
GACGB5_2005Q4,Australia 5Y Yield,2005Q4,62,5.22,5.489
GACGB5_2006Q1,Australia 5Y Yield,2006Q1,63,5.103,5.41
GACGB5_2006Q2,Australia 5Y Yield,2006Q2,61,5.375,5.87
GACGB5_2006Q3,Australia 5Y Yield,2006Q3,64,5.635,5.985
GACGB5_2006Q4,Australia 5Y Yield,2006Q4,62,5.645,6.044
GACGB5_2007Q1,Australia 5Y Yield,2007Q1,63,5.793,6.104
GACGB5_2007Q2,Australia 5Y Yield,2007Q2,61,5.98,6.438
GACGB5_2007Q3,Australia 5Y Yield,2007Q3,63,6.01,6.43
GACGB5_2007Q4,Australia 5Y Yield,2007Q4,63,6.207,6.764
GACGB5_2008Q1,Australia 5Y Yield,2008Q1,61,5.85,6.843
GACGB5_2008Q2,Australia 5Y Yield,2008Q2,63,6.0,6.867
GACGB5_2008Q3,Australia 5Y Yield,2008Q3,65,5.1876,6.679
GACGB5_2008Q4,Australia 5Y Yield,2008Q4,63,3.4138,5.2305
GACGB5_2009Q1,Australia 5Y Yield,2009Q1,62,3.3461,4.088
GACGB5_2009Q2,Australia 5Y Yield,2009Q2,62,3.911,5.3831
GACGB5_2009Q3,Australia 5Y Yield,2009Q3,65,4.85,5.5945
GACGB5_2009Q4,Australia 5Y Yield,2009Q4,63,4.8645,5.5717
GACGB5_2010Q1,Australia 5Y Yield,2010Q1,62,4.9015,5.5471
GACGB5_2010Q2,Australia 5Y Yield,2010Q2,61,4.6812,5.5971
GACGB5_2010Q3,Australia 5Y Yield,2010Q3,65,4.3854,4.995
GACGB5_2010Q4,Australia 5Y Yield,2010Q4,63,4.8108,5.5216
GACGB5_2011Q1,Australia 5Y Yield,2011Q1,62,5.0795,5.5633
GACGB5_2011Q2,Australia 5Y Yield,2011Q2,61,4.6185,5.4088
GACGB5_2011Q3,Australia 5Y Yield,2011Q3,65,3.5835,4.9583
GACGB5_2011Q4,Australia 5Y Yield,2011Q4,62,3.154,4.0982
GACGB5_2012Q1,Australia 5Y Yield,2012Q1,63,3.2752,3.8898
GACGB5_2012Q2,Australia 5Y Yield,2012Q2,61,2.11,3.609
GACGB5_2012Q3,Australia 5Y Yield,2012Q3,64,2.2715,2.9903
GACGB5_2012Q4,Australia 5Y Yield,2012Q4,63,2.4362,2.8867
GACGB5_2013Q1,Australia 5Y Yield,2013Q1,61,2.822,3.3052
GACGB5_2013Q2,Australia 5Y Yield,2013Q2,62,2.6588,3.301
GACGB5_2013Q3,Australia 5Y Yield,2013Q3,65,2.8495,3.3542
GACGB5_2013Q4,Australia 5Y Yield,2013Q4,63,3.3135,3.6355
GACGB5_2014Q1,Australia 5Y Yield,2014Q1,62,3.2532,3.5547
GACGB5_2014Q2,Australia 5Y Yield,2014Q2,61,2.9485,3.5052
GACGB5_2014Q3,Australia 5Y Yield,2014Q3,65,2.745,3.1117
GACGB5_2014Q4,Australia 5Y Yield,2014Q4,63,2.2617,2.998
GACGB5_2015Q1,Australia 5Y Yield,2015Q1,62,1.801,2.3098
GACGB5_2015Q2,Australia 5Y Yield,2015Q2,62,1.8173,2.4018
GACGB5_2015Q3,Australia 5Y Yield,2015Q3,65,1.862,2.3442
GACGB5_2015Q4,Australia 5Y Yield,2015Q4,62,2.055,2.407
GACGB5_2016Q1,Australia 5Y Yield,2016Q1,61,1.874,2.247
GACGB5_2016Q2,Australia 5Y Yield,2016Q2,63,1.619,2.232
GACGB5_2016Q3,Australia 5Y Yield,2016Q3,65,1.467,1.774
GACGB5_2016Q4,Australia 5Y Yield,2016Q4,62,1.769,2.417
GACGB5_2017Q1,Australia 5Y Yield,2017Q1,63,2.179,2.465
GACGB5_2017Q2,Australia 5Y Yield,2017Q2,61,1.909,2.221
GACGB5_2017Q3,Australia 5Y Yield,2017Q3,64,2.128,2.383
GACGB5_2017Q4,Australia 5Y Yield,2017Q4,62,2.051,2.36
GACGB5_2018Q1,Australia 5Y Yield,2018Q1,62,2.272,2.484
GACGB5_2018Q2,Australia 5Y Yield,2018Q2,62,2.263,2.512
GACGB5_2018Q3,Australia 5Y Yield,2018Q3,64,2.119,2.329
GACGB5_2018Q4,Australia 5Y Yield,2018Q4,63,1.9063,2.3055
GACGB5_2019Q1,Australia 5Y Yield,2019Q1,62,1.4125,2.002
GACGB5_2019Q2,Australia 5Y Yield,2019Q2,61,0.947,1.5638
GACGB5_2019Q3,Australia 5Y Yield,2019Q3,65,0.661,1.0695
GACGB5_2019Q4,Australia 5Y Yield,2019Q4,63,0.612,0.9918
GACGB5_2020Q1,Australia 5Y Yield,2020Q1,63,0.3373,0.9535
GACGB5_2020Q2,Australia 5Y Yield,2020Q2,62,0.365,0.451
GACGB5_2020Q3,Australia 5Y Yield,2020Q3,65,0.2763,0.422
GACGB5_2020Q4,Australia 5Y Yield,2020Q4,63,0.2488,0.379
GACGB5_2021Q1,Australia 5Y Yield,2021Q1,62,0.3645,0.997
GACGB5_2021Q2,Australia 5Y Yield,2021Q2,62,0.7008,0.884
GACGB5_2021Q3,Australia 5Y Yield,2021Q3,65,0.5195,0.8433
GACGB5_2021Q4,Australia 5Y Yield,2021Q4,63,0.785,1.5675
GACGB5_2022Q1,Australia 5Y Yield,2022Q1,62,1.4163,2.7275
GACGB5_2022Q2,Australia 5Y Yield,2022Q2,61,2.625,3.905
GACGB5_2022Q3,Australia 5Y Yield,2022Q3,64,2.7375,3.8263
GACGB5_2022Q4,Australia 5Y Yield,2022Q4,62,3.1125,3.92
GACGB5_2023Q1,Australia 5Y Yield,2023Q1,63,2.925,3.7063
GACGB5_2023Q2,Australia 5Y Yield,2023Q2,61,2.9088,3.9549
GACGB5_2023Q3,Australia 5Y Yield,2023Q3,64,3.7425,4.1884
GACGB5_2023Q4,Australia 5Y Yield,2023Q4,62,3.593,4.5463
GACGB5_2024Q1,Australia 5Y Yield,2024Q1,62,3.5943,3.9127
GACGB5_2024Q2,Australia 5Y Yield,2024Q2,62,3.7175,4.2018
GACGB5_2024Q3,Australia 5Y Yield,2024Q3,65,3.4216,4.1601
GACGB5_2024Q4,Australia 5Y Yield,2024Q4,22,3.5958,4.1221
GCNY10YR_2005Q2,China 10Y Yield,2005Q2,12,3.581,4.11
GCNY10YR_2005Q3,China 10Y Yield,2005Q3,21,3.259,3.611
GCNY10YR_2006Q2,China 10Y Yield,2006Q2,60,2.826,3.14
GCNY10YR_2006Q3,China 10Y Yield,2006Q3,65,3.036,3.288
GCNY10YR_2006Q4,China 10Y Yield,2006Q4,60,2.899,3.058
GCNY10YR_2007Q1,China 10Y Yield,2007Q1,57,3.023,3.4
GCNY10YR_2007Q2,China 10Y Yield,2007Q2,60,3.45,4.44
GCNY10YR_2007Q3,China 10Y Yield,2007Q3,65,4.25,4.53
GCNY10YR_2007Q4,China 10Y Yield,2007Q4,60,4.42,4.59
GCNY10YR_2008Q1,China 10Y Yield,2008Q1,59,4.09,4.47
GCNY10YR_2008Q2,China 10Y Yield,2008Q2,59,4.05,4.54
GCNY10YR_2008Q3,China 10Y Yield,2008Q3,62,3.78,4.61
GCNY10YR_2008Q4,China 10Y Yield,2008Q4,63,2.74,3.78
GCNY10YR_2009Q1,China 10Y Yield,2009Q1,57,2.7,3.29
GCNY10YR_2009Q2,China 10Y Yield,2009Q2,61,3.06,3.21
GCNY10YR_2009Q3,China 10Y Yield,2009Q3,66,3.25,3.55
GCNY10YR_2009Q4,China 10Y Yield,2009Q4,59,3.52,3.76
GCNY10YR_2010Q1,China 10Y Yield,2010Q1,58,3.37,3.7
GCNY10YR_2010Q2,China 10Y Yield,2010Q2,60,3.23,3.54
GCNY10YR_2010Q3,China 10Y Yield,2010Q3,63,3.21,3.35
GCNY10YR_2010Q4,China 10Y Yield,2010Q4,61,3.34,4.02
GCNY10YR_2011Q1,China 10Y Yield,2011Q1,57,3.83,4.14
GCNY10YR_2011Q2,China 10Y Yield,2011Q2,61,3.84,3.99
GCNY10YR_2011Q3,China 10Y Yield,2011Q3,65,3.89,4.12
GCNY10YR_2011Q4,China 10Y Yield,2011Q4,59,3.44,3.79
GCNY10YR_2012Q1,China 10Y Yield,2012Q1,57,3.4,3.58
GCNY10YR_2012Q2,China 10Y Yield,2012Q2,58,3.32,3.56
GCNY10YR_2012Q3,China 10Y Yield,2012Q3,64,3.24,3.56
GCNY10YR_2012Q4,China 10Y Yield,2012Q4,61,3.48,3.6
GCNY10YR_2013Q1,China 10Y Yield,2013Q1,56,3.57,3.62
GCNY10YR_2013Q2,China 10Y Yield,2013Q2,56,3.41,3.61
GCNY10YR_2013Q3,China 10Y Yield,2013Q3,52,3.52,4.15
GCNY10YR_2013Q4,China 10Y Yield,2013Q4,47,4.02,4.7
GCNY10YR_2014Q1,China 10Y Yield,2014Q1,43,4.4,4.68
GCNY10YR_2014Q2,China 10Y Yield,2014Q2,41,4.05,4.55
GCNY10YR_2014Q3,China 10Y Yield,2014Q3,52,4.05,4.32
GCNY10YR_2014Q4,China 10Y Yield,2014Q4,39,3.49,4.04
GCNY10YR_2015Q1,China 10Y Yield,2015Q1,37,3.36,3.65
GCNY10YR_2015Q2,China 10Y Yield,2015Q2,39,3.39,3.7
GCNY10YR_2015Q3,China 10Y Yield,2015Q3,34,3.27,3.64
GCNY10YR_2015Q4,China 10Y Yield,2015Q4,41,2.83,3.27
GCNY10YR_2016Q1,China 10Y Yield,2016Q1,57,2.77,2.95
GCNY10YR_2016Q2,China 10Y Yield,2016Q2,54,2.86,3.02
GCNY10YR_2016Q3,China 10Y Yield,2016Q3,63,2.656,2.86
GCNY10YR_2016Q4,China 10Y Yield,2016Q4,60,2.657,3.42
GCNY10YR_2017Q1,China 10Y Yield,2017Q1,59,3.117,3.497
GCNY10YR_2017Q2,China 10Y Yield,2017Q2,60,3.299,3.702
GCNY10YR_2017Q3,China 10Y Yield,2017Q3,65,3.567,3.702
GCNY10YR_2017Q4,China 10Y Yield,2017Q4,60,3.654,4.035
GCNY10YR_2018Q1,China 10Y Yield,2018Q1,59,3.735,3.979
GCNY10YR_2018Q2,China 10Y Yield,2018Q2,60,3.479,3.753
GCNY10YR_2018Q3,China 10Y Yield,2018Q3,64,3.443,3.699
GCNY10YR_2018Q4,China 10Y Yield,2018Q4,59,3.274,3.628
GCNY10YR_2019Q1,China 10Y Yield,2019Q1,53,3.069,3.229
GCNY10YR_2019Q2,China 10Y Yield,2019Q2,58,3.148,3.435
GCNY10YR_2019Q3,China 10Y Yield,2019Q3,65,3.01,3.229
GCNY10YR_2019Q4,China 10Y Yield,2019Q4,61,3.11,3.318
GCNY10YR_2020Q1,China 10Y Yield,2020Q1,56,2.533,3.146
GCNY10YR_2020Q2,China 10Y Yield,2020Q2,59,2.477,2.92
GCNY10YR_2020Q3,China 10Y Yield,2020Q3,66,2.849,3.153
GCNY10YR_2020Q4,China 10Y Yield,2020Q4,60,3.135,3.36
GCNY10YR_2021Q1,China 10Y Yield,2021Q1,58,3.113,3.284
GCNY10YR_2021Q2,China 10Y Yield,2021Q2,60,3.066,3.226
GCNY10YR_2021Q3,China 10Y Yield,2021Q3,64,2.816,3.092
GCNY10YR_2021Q4,China 10Y Yield,2021Q4,61,2.775,3.038
GCNY10YR_2022Q1,China 10Y Yield,2022Q1,58,2.677,2.859
GCNY10YR_2022Q2,China 10Y Yield,2022Q2,59,2.743,2.849
GCNY10YR_2022Q3,China 10Y Yield,2022Q3,65,2.624,2.849
GCNY10YR_2022Q4,China 10Y Yield,2022Q4,60,2.648,2.945
GCNY10YR_2023Q1,China 10Y Yield,2023Q1,59,2.818,2.928
GCNY10YR_2023Q2,China 10Y Yield,2023Q2,59,2.623,2.865
GCNY10YR_2023Q3,China 10Y Yield,2023Q3,64,2.543,2.705
GCNY10YR_2023Q4,China 10Y Yield,2023Q4,60,2.561,2.722
GCNY10YR_2024Q1,China 10Y Yield,2024Q1,58,2.281,2.566
GCNY10YR_2024Q2,China 10Y Yield,2024Q2,59,2.21,2.357
GCNY10YR_2024Q3,China 10Y Yield,2024Q3,64,2.037,2.29
GCNY10YR_2024Q4,China 10Y Yield,2024Q4,18,2.118,2.209
GCNY2YR_2005Q2,China 2Y Yield,2005Q2,14,1.563,1.954
GCNY2YR_2005Q3,China 2Y Yield,2005Q3,53,1.586,2.014
GCNY2YR_2005Q4,China 2Y Yield,2005Q4,48,1.507,2.077
GCNY2YR_2006Q1,China 2Y Yield,2006Q1,51,1.773,2.111
GCNY2YR_2006Q2,China 2Y Yield,2006Q2,60,1.912,2.26
GCNY2YR_2006Q3,China 2Y Yield,2006Q3,65,2.121,2.384
GCNY2YR_2006Q4,China 2Y Yield,2006Q4,59,2.085,2.29
GCNY2YR_2007Q1,China 2Y Yield,2007Q1,57,2.177,2.4
GCNY2YR_2007Q2,China 2Y Yield,2007Q2,60,2.41,3.32
GCNY2YR_2007Q3,China 2Y Yield,2007Q3,65,3.28,3.56
GCNY2YR_2007Q4,China 2Y Yield,2007Q4,60,3.51,4.03
GCNY2YR_2008Q1,China 2Y Yield,2008Q1,59,3.61,3.98
GCNY2YR_2008Q2,China 2Y Yield,2008Q2,59,3.59,3.78
GCNY2YR_2008Q3,China 2Y Yield,2008Q3,62,3.31,3.89
GCNY2YR_2008Q4,China 2Y Yield,2008Q4,63,1.25,3.36
GCNY2YR_2009Q1,China 2Y Yield,2009Q1,57,1.17,1.61
GCNY2YR_2009Q2,China 2Y Yield,2009Q2,61,1.24,1.47
GCNY2YR_2009Q3,China 2Y Yield,2009Q3,66,1.18,1.81
GCNY2YR_2009Q4,China 2Y Yield,2009Q4,59,1.64,1.9
GCNY2YR_2010Q1,China 2Y Yield,2010Q1,58,1.95,2.36
GCNY2YR_2010Q2,China 2Y Yield,2010Q2,60,1.87,2.28
GCNY2YR_2010Q3,China 2Y Yield,2010Q3,63,2.11,2.29
GCNY2YR_2010Q4,China 2Y Yield,2010Q4,61,2.21,3.41
GCNY2YR_2011Q1,China 2Y Yield,2011Q1,58,3.23,3.4
GCNY2YR_2011Q2,China 2Y Yield,2011Q2,61,3.13,3.59
GCNY2YR_2011Q3,China 2Y Yield,2011Q3,65,3.45,3.97
GCNY2YR_2011Q4,China 2Y Yield,2011Q4,58,2.84,3.72
GCNY2YR_2012Q1,China 2Y Yield,2012Q1,31,2.86,3.05
GCNY2YR_2012Q2,China 2Y Yield,2012Q2,58,2.35,2.93
GCNY2YR_2012Q3,China 2Y Yield,2012Q3,65,2.24,3.08
GCNY2YR_2012Q4,China 2Y Yield,2012Q4,61,2.88,3.16
GCNY2YR_2013Q1,China 2Y Yield,2013Q1,56,3.05,3.11
GCNY2YR_2013Q2,China 2Y Yield,2013Q2,56,2.97,3.49
GCNY2YR_2013Q3,China 2Y Yield,2013Q3,52,3.03,3.94
GCNY2YR_2013Q4,China 2Y Yield,2013Q4,44,3.78,4.43
GCNY2YR_2014Q1,China 2Y Yield,2014Q1,43,3.58,4.4
GCNY2YR_2014Q2,China 2Y Yield,2014Q2,41,3.62,3.82
GCNY2YR_2014Q3,China 2Y Yield,2014Q3,51,3.69,3.96
GCNY2YR_2014Q4,China 2Y Yield,2014Q4,37,3.21,3.85
GCNY2YR_2015Q1,China 2Y Yield,2015Q1,35,3.14,3.35
GCNY2YR_2015Q2,China 2Y Yield,2015Q2,43,2.22,3.36
GCNY2YR_2015Q3,China 2Y Yield,2015Q3,34,2.48,2.76
GCNY2YR_2015Q4,China 2Y Yield,2015Q4,38,2.5,2.77
GCNY2YR_2016Q1,China 2Y Yield,2016Q1,58,2.32,2.64
GCNY2YR_2016Q2,China 2Y Yield,2016Q2,48,2.34,2.63
GCNY2YR_2016Q3,China 2Y Yield,2016Q3,9,2.325,2.397
GCNY2YR_2016Q4,China 2Y Yield,2016Q4,10,2.3,2.398
GCNY2YR_2017Q1,China 2Y Yield,2017Q1,1,2.753,2.753
GCNY2YR_2018Q1,China 2Y Yield,2018Q1,17,3.302,3.578
GCNY2YR_2018Q2,China 2Y Yield,2018Q2,36,3.079,3.396
GCNY2YR_2018Q3,China 2Y Yield,2018Q3,33,2.87,3.241
GCNY2YR_2018Q4,China 2Y Yield,2018Q4,41,2.665,3.173
GCNY2YR_2019Q1,China 2Y Yield,2019Q1,21,2.598,2.68
GCNY2YR_2019Q2,China 2Y Yield,2019Q2,40,2.8,2.945
GCNY2YR_2019Q3,China 2Y Yield,2019Q3,34,2.678,2.793
GCNY2YR_2019Q4,China 2Y Yield,2019Q4,45,2.63,2.756
GCNY2YR_2020Q1,China 2Y Yield,2020Q1,17,1.91,2.501
GCNY2YR_2020Q2,China 2Y Yield,2020Q2,58,1.33,2.358
GCNY2YR_2020Q3,China 2Y Yield,2020Q3,39,2.222,2.814
GCNY2YR_2020Q4,China 2Y Yield,2020Q4,60,2.71,3.119
GCNY2YR_2021Q1,China 2Y Yield,2021Q1,58,2.537,2.873
GCNY2YR_2021Q2,China 2Y Yield,2021Q2,60,2.569,2.773
GCNY2YR_2021Q3,China 2Y Yield,2021Q3,64,2.398,2.644
GCNY2YR_2021Q4,China 2Y Yield,2021Q4,61,2.358,2.576
GCNY2YR_2022Q1,China 2Y Yield,2022Q1,46,2.089,2.353
GCNY2YR_2022Q2,China 2Y Yield,2022Q2,51,2.18,2.34
GCNY2YR_2022Q3,China 2Y Yield,2022Q3,65,2.017,2.303
GCNY2YR_2022Q4,China 2Y Yield,2022Q4,39,2.035,2.444
GCNY2YR_2023Q1,China 2Y Yield,2023Q1,52,2.293,2.464
GCNY2YR_2023Q2,China 2Y Yield,2023Q2,58,2.089,2.398
GCNY2YR_2023Q3,China 2Y Yield,2023Q3,64,2.076,2.291
GCNY2YR_2023Q4,China 2Y Yield,2023Q4,60,2.197,2.474
GCNY2YR_2024Q1,China 2Y Yield,2024Q1,58,1.909,2.265
GCNY2YR_2024Q2,China 2Y Yield,2024Q2,59,1.65,1.957
GCNY2YR_2024Q3,China 2Y Yield,2024Q3,64,1.36,1.686
GCNY2YR_2024Q4,China 2Y Yield,2024Q4,18,1.437,1.551
GCNY30YR_2016Q3,China 30Y Yield,2016Q3,42,3.186,3.366
GCNY30YR_2016Q4,China 30Y Yield,2016Q4,60,3.09,3.911
GCNY30YR_2017Q1,China 30Y Yield,2017Q1,55,3.641,3.943
GCNY30YR_2017Q2,China 30Y Yield,2017Q2,30,3.785,4.043
GCNY30YR_2017Q3,China 30Y Yield,2017Q3,57,3.977,4.282
GCNY30YR_2017Q4,China 30Y Yield,2017Q4,53,4.248,4.402
GCNY30YR_2018Q1,China 30Y Yield,2018Q1,32,4.168,4.406
GCNY30YR_2018Q2,China 30Y Yield,2018Q2,18,3.986,4.143
GCNY30YR_2018Q3,China 30Y Yield,2018Q3,51,3.957,4.269
GCNY30YR_2018Q4,China 30Y Yield,2018Q4,49,3.761,4.19
GCNY30YR_2019Q1,China 30Y Yield,2019Q1,26,3.721,3.771
GCNY30YR_2019Q2,China 30Y Yield,2019Q2,44,3.834,4.007
GCNY30YR_2019Q3,China 30Y Yield,2019Q3,65,3.615,3.866
GCNY30YR_2019Q4,China 30Y Yield,2019Q4,61,3.704,3.917
GCNY30YR_2020Q1,China 30Y Yield,2020Q1,57,3.143,3.734
GCNY30YR_2020Q2,China 30Y Yield,2020Q2,51,3.196,3.646
GCNY30YR_2020Q3,China 30Y Yield,2020Q3,66,3.583,3.873
GCNY30YR_2020Q4,China 30Y Yield,2020Q4,59,3.734,3.945
GCNY30YR_2021Q1,China 30Y Yield,2021Q1,56,3.709,3.812
GCNY30YR_2021Q2,China 30Y Yield,2021Q2,60,3.564,3.73
GCNY30YR_2021Q3,China 30Y Yield,2021Q3,64,3.372,3.669
GCNY30YR_2021Q4,China 30Y Yield,2021Q4,61,3.308,3.588
GCNY30YR_2022Q1,China 30Y Yield,2022Q1,58,3.253,3.404
GCNY30YR_2022Q2,China 30Y Yield,2022Q2,59,3.226,3.364
GCNY30YR_2022Q3,China 30Y Yield,2022Q3,65,3.084,3.336
GCNY30YR_2022Q4,China 30Y Yield,2022Q4,57,3.102,3.297
GCNY30YR_2023Q1,China 30Y Yield,2023Q1,49,3.206,3.312
GCNY30YR_2023Q2,China 30Y Yield,2023Q2,57,3.008,3.247
GCNY30YR_2023Q3,China 30Y Yield,2023Q3,64,2.879,3.03
GCNY30YR_2023Q4,China 30Y Yield,2023Q4,60,2.813,3.015
GCNY30YR_2024Q1,China 30Y Yield,2024Q1,58,2.443,2.839
GCNY30YR_2024Q2,China 30Y Yield,2024Q2,59,2.415,2.581
GCNY30YR_2024Q3,China 30Y Yield,2024Q3,64,2.143,2.51
GCNY30YR_2024Q4,China 30Y Yield,2024Q4,18,2.295,2.406
GCNY3M_2011Q1,China 3M Yield,2011Q1,35,2.6,3.0
GCNY3M_2011Q2,China 3M Yield,2011Q2,61,2.61,3.49
GCNY3M_2011Q3,China 3M Yield,2011Q3,65,3.21,3.78
GCNY3M_2011Q4,China 3M Yield,2011Q4,60,2.33,3.43
GCNY3M_2012Q1,China 3M Yield,2012Q1,58,2.26,3.18
GCNY3M_2012Q2,China 3M Yield,2012Q2,59,2.05,3.13
GCNY3M_2012Q3,China 3M Yield,2012Q3,64,2.03,2.95
GCNY3M_2012Q4,China 3M Yield,2012Q4,60,2.65,2.95
GCNY3M_2013Q1,China 3M Yield,2013Q1,56,2.6,2.81
GCNY3M_2013Q2,China 3M Yield,2013Q2,54,2.52,5.0
GCNY3M_2013Q3,China 3M Yield,2013Q3,64,2.89,4.06
GCNY3M_2013Q4,China 3M Yield,2013Q4,61,3.26,4.47
GCNY3M_2014Q1,China 3M Yield,2014Q1,51,3.33,5.0
GCNY3M_2014Q2,China 3M Yield,2014Q2,60,3.07,3.74
GCNY3M_2014Q3,China 3M Yield,2014Q3,59,3.25,4.02
GCNY3M_2014Q4,China 3M Yield,2014Q4,56,2.8,4.46
GCNY3M_2015Q1,China 3M Yield,2015Q1,57,3.05,4.04
GCNY3M_2015Q2,China 3M Yield,2015Q2,61,1.85,4.04
GCNY3M_2015Q3,China 3M Yield,2015Q3,64,1.85,2.79
GCNY3M_2015Q4,China 3M Yield,2015Q4,61,2.11,2.66
GCNY3M_2016Q1,China 3M Yield,2016Q1,58,2.1,2.42
GCNY3M_2016Q2,China 3M Yield,2016Q2,52,2.1,2.65
GCNY3M_2016Q3,China 3M Yield,2016Q3,5,2.132,2.228
GCNY3M_2016Q4,China 3M Yield,2016Q4,5,2.025,2.444
GCNY3M_2017Q1,China 3M Yield,2017Q1,11,2.594,2.7
GCNY3M_2017Q2,China 3M Yield,2017Q2,12,2.932,3.661
GCNY3M_2017Q3,China 3M Yield,2017Q3,7,2.849,3.239
GCNY3M_2017Q4,China 3M Yield,2017Q4,9,3.064,4.007
GCNY3M_2018Q1,China 3M Yield,2018Q1,4,3.115,3.309
GCNY3M_2018Q2,China 3M Yield,2018Q2,17,2.659,3.074
GCNY3M_2018Q3,China 3M Yield,2018Q3,7,2.137,2.859
GCNY3M_2018Q4,China 3M Yield,2018Q4,13,1.946,2.843
GCNY3M_2019Q1,China 3M Yield,2019Q1,17,1.95,2.498
GCNY3M_2019Q2,China 3M Yield,2019Q2,17,2.067,2.412
GCNY3M_2019Q3,China 3M Yield,2019Q3,18,2.084,2.495
GCNY3M_2019Q4,China 3M Yield,2019Q4,7,2.41,2.501
GCNY3M_2020Q1,China 3M Yield,2020Q1,3,1.75,1.791
GCNY3M_2020Q2,China 3M Yield,2020Q2,2,0.957,1.259
GCNY3M_2020Q3,China 3M Yield,2020Q3,12,2.053,2.34
GCNY3M_2020Q4,China 3M Yield,2020Q4,23,2.272,3.024
GCNY3M_2021Q1,China 3M Yield,2021Q1,9,1.876,2.5
GCNY3M_2021Q2,China 3M Yield,2021Q2,6,1.885,2.06
GCNY3M_2021Q3,China 3M Yield,2021Q3,22,1.796,2.093
GCNY3M_2021Q4,China 3M Yield,2021Q4,26,2.21,2.459
GCNY3M_2022Q1,China 3M Yield,2022Q1,25,1.648,2.105
GCNY3M_2022Q2,China 3M Yield,2022Q2,26,1.537,1.924
GCNY3M_2022Q3,China 3M Yield,2022Q3,25,1.39,1.923
GCNY3M_2022Q4,China 3M Yield,2022Q4,24,1.297,2.164
GCNY3M_2023Q1,China 3M Yield,2023Q1,18,1.775,2.125
GCNY3M_2023Q2,China 3M Yield,2023Q2,11,1.898,2.059
GCNY3M_2023Q3,China 3M Yield,2023Q3,5,1.647,1.854
GCNY3M_2023Q4,China 3M Yield,2023Q4,23,2.267,2.452
GCNY3M_2024Q1,China 3M Yield,2024Q1,7,1.606,1.845
GCNY3M_2024Q2,China 3M Yield,2024Q2,18,1.484,1.628
GCNY3M_2024Q3,China 3M Yield,2024Q3,32,1.384,1.536
GCNY3M_2024Q4,China 3M Yield,2024Q4,11,1.385,1.431
GCNY5YR_2005Q2,China 5Y Yield,2005Q2,14,3.004,3.256
GCNY5YR_2005Q3,China 5Y Yield,2005Q3,55,2.383,3.078
GCNY5YR_2005Q4,China 5Y Yield,2005Q4,59,2.126,2.937
GCNY5YR_2006Q1,China 5Y Yield,2006Q1,51,2.298,2.489
GCNY5YR_2006Q2,China 5Y Yield,2006Q2,60,2.446,2.709
GCNY5YR_2006Q3,China 5Y Yield,2006Q3,65,2.644,2.798
GCNY5YR_2006Q4,China 5Y Yield,2006Q4,59,2.526,2.677
GCNY5YR_2007Q1,China 5Y Yield,2007Q1,57,2.566,2.91
GCNY5YR_2007Q2,China 5Y Yield,2007Q2,60,2.86,3.84
GCNY5YR_2007Q3,China 5Y Yield,2007Q3,65,3.68,3.92
GCNY5YR_2007Q4,China 5Y Yield,2007Q4,60,3.86,4.27
GCNY5YR_2008Q1,China 5Y Yield,2008Q1,59,3.83,4.24
GCNY5YR_2008Q2,China 5Y Yield,2008Q2,59,3.75,4.09
GCNY5YR_2008Q3,China 5Y Yield,2008Q3,62,3.55,4.27
GCNY5YR_2008Q4,China 5Y Yield,2008Q4,63,1.78,3.57
GCNY5YR_2009Q1,China 5Y Yield,2009Q1,57,1.78,2.65
GCNY5YR_2009Q2,China 5Y Yield,2009Q2,61,2.35,2.47
GCNY5YR_2009Q3,China 5Y Yield,2009Q3,66,2.49,3.01
GCNY5YR_2009Q4,China 5Y Yield,2009Q4,59,2.93,3.17
GCNY5YR_2010Q1,China 5Y Yield,2010Q1,58,2.73,3.03
GCNY5YR_2010Q2,China 5Y Yield,2010Q2,60,2.46,2.8
GCNY5YR_2010Q3,China 5Y Yield,2010Q3,63,2.56,2.72
GCNY5YR_2010Q4,China 5Y Yield,2010Q4,61,2.74,3.73
GCNY5YR_2011Q1,China 5Y Yield,2011Q1,58,3.42,3.73
GCNY5YR_2011Q2,China 5Y Yield,2011Q2,61,3.39,3.62
GCNY5YR_2011Q3,China 5Y Yield,2011Q3,65,3.53,4.03
GCNY5YR_2011Q4,China 5Y Yield,2011Q4,57,3.02,3.64
GCNY5YR_2012Q1,China 5Y Yield,2012Q1,57,3.01,3.23
GCNY5YR_2012Q2,China 5Y Yield,2012Q2,58,2.67,3.16
GCNY5YR_2012Q3,China 5Y Yield,2012Q3,64,2.71,3.32
GCNY5YR_2012Q4,China 5Y Yield,2012Q4,61,3.13,3.28
GCNY5YR_2013Q1,China 5Y Yield,2013Q1,55,3.2,3.31
GCNY5YR_2013Q2,China 5Y Yield,2013Q2,56,3.07,3.49
GCNY5YR_2013Q3,China 5Y Yield,2013Q3,53,3.27,4.04
GCNY5YR_2013Q4,China 5Y Yield,2013Q4,46,3.87,4.57
GCNY5YR_2014Q1,China 5Y Yield,2014Q1,43,4.1,4.55
GCNY5YR_2014Q2,China 5Y Yield,2014Q2,41,3.85,4.2
GCNY5YR_2014Q3,China 5Y Yield,2014Q3,52,3.91,4.09
GCNY5YR_2014Q4,China 5Y Yield,2014Q4,37,3.39,3.95
GCNY5YR_2015Q1,China 5Y Yield,2015Q1,36,3.23,3.54
GCNY5YR_2015Q2,China 5Y Yield,2015Q2,42,3.01,3.49
GCNY5YR_2015Q3,China 5Y Yield,2015Q3,35,3.1,3.27
GCNY5YR_2015Q4,China 5Y Yield,2015Q4,40,2.69,3.08
GCNY5YR_2016Q1,China 5Y Yield,2016Q1,49,2.52,2.89
GCNY5YR_2016Q2,China 5Y Yield,2016Q2,59,2.5,2.8
GCNY5YR_2016Q3,China 5Y Yield,2016Q3,58,2.47,2.7
GCNY5YR_2016Q4,China 5Y Yield,2016Q4,60,2.414,3.218
GCNY5YR_2017Q1,China 5Y Yield,2017Q1,59,2.906,3.159
GCNY5YR_2017Q2,China 5Y Yield,2017Q2,60,3.117,3.739
GCNY5YR_2017Q3,China 5Y Yield,2017Q3,65,3.493,3.673
GCNY5YR_2017Q4,China 5Y Yield,2017Q4,59,3.643,4.036
GCNY5YR_2018Q1,China 5Y Yield,2018Q1,57,3.609,3.959
GCNY5YR_2018Q2,China 5Y Yield,2018Q2,60,3.03,3.669
GCNY5YR_2018Q3,China 5Y Yield,2018Q3,63,3.153,3.521
GCNY5YR_2018Q4,China 5Y Yield,2018Q4,49,3.009,3.447
GCNY5YR_2019Q1,China 5Y Yield,2019Q1,36,2.871,3.052
GCNY5YR_2019Q2,China 5Y Yield,2019Q2,44,2.952,3.23
GCNY5YR_2019Q3,China 5Y Yield,2019Q3,64,2.868,3.053
GCNY5YR_2019Q4,China 5Y Yield,2019Q4,59,2.872,3.1
GCNY5YR_2020Q1,China 5Y Yield,2020Q1,55,2.278,2.917
GCNY5YR_2020Q2,China 5Y Yield,2020Q2,59,1.725,2.67
GCNY5YR_2020Q3,China 5Y Yield,2020Q3,65,2.561,3.098
GCNY5YR_2020Q4,China 5Y Yield,2020Q4,60,2.935,3.234
GCNY5YR_2021Q1,China 5Y Yield,2021Q1,58,2.887,3.113
GCNY5YR_2021Q2,China 5Y Yield,2021Q2,60,2.884,3.06
GCNY5YR_2021Q3,China 5Y Yield,2021Q3,64,2.63,2.943
GCNY5YR_2021Q4,China 5Y Yield,2021Q4,61,2.583,2.885
GCNY5YR_2022Q1,China 5Y Yield,2022Q1,55,2.34,2.617
GCNY5YR_2022Q2,China 5Y Yield,2022Q2,52,2.479,2.662
GCNY5YR_2022Q3,China 5Y Yield,2022Q3,65,2.357,2.679
GCNY5YR_2022Q4,China 5Y Yield,2022Q4,60,2.435,2.763
GCNY5YR_2023Q1,China 5Y Yield,2023Q1,59,2.595,2.732
GCNY5YR_2023Q2,China 5Y Yield,2023Q2,58,2.389,2.687
GCNY5YR_2023Q3,China 5Y Yield,2023Q3,64,2.351,2.543
GCNY5YR_2023Q4,China 5Y Yield,2023Q4,60,2.386,2.625
GCNY5YR_2024Q1,China 5Y Yield,2024Q1,58,2.188,2.432
GCNY5YR_2024Q2,China 5Y Yield,2024Q2,59,1.974,2.22
GCNY5YR_2024Q3,China 5Y Yield,2024Q3,64,1.701,2.021
GCNY5YR_2024Q4,China 5Y Yield,2024Q4,18,1.771,1.885
GJGB10_2000Q1,Japan 10Y Yield,2000Q1,61,1.633,1.919
GJGB10_2000Q2,Japan 10Y Yield,2000Q2,62,1.63,1.812
GJGB10_2000Q3,Japan 10Y Yield,2000Q3,63,1.683,1.976
GJGB10_2000Q4,Japan 10Y Yield,2000Q4,62,1.54,1.86
GJGB10_2001Q1,Japan 10Y Yield,2001Q1,59,1.051,1.632
GJGB10_2001Q2,Japan 10Y Yield,2001Q2,62,1.135,1.504
GJGB10_2001Q3,Japan 10Y Yield,2001Q3,63,1.249,1.449
GJGB10_2001Q4,Japan 10Y Yield,2001Q4,62,1.275,1.4
GJGB10_2002Q1,Japan 10Y Yield,2002Q1,58,1.385,1.564
GJGB10_2002Q2,Japan 10Y Yield,2002Q2,62,1.314,1.442
GJGB10_2002Q3,Japan 10Y Yield,2002Q3,64,1.038,1.358
GJGB10_2002Q4,Japan 10Y Yield,2002Q4,62,0.909,1.187
GJGB10_2003Q1,Japan 10Y Yield,2003Q1,58,0.709,0.914
GJGB10_2003Q2,Japan 10Y Yield,2003Q2,63,0.448,0.846
GJGB10_2003Q3,Japan 10Y Yield,2003Q3,63,0.865,1.634
GJGB10_2003Q4,Japan 10Y Yield,2003Q4,61,1.28,1.541
GJGB10_2004Q1,Japan 10Y Yield,2004Q1,61,1.2,1.498
GJGB10_2004Q2,Japan 10Y Yield,2004Q2,61,1.43,1.914
GJGB10_2004Q3,Japan 10Y Yield,2004Q3,63,1.414,1.889
GJGB10_2004Q4,Japan 10Y Yield,2004Q4,61,1.35,1.594
GJGB10_2005Q1,Japan 10Y Yield,2005Q1,60,1.279,1.529
GJGB10_2005Q2,Japan 10Y Yield,2005Q2,61,1.174,1.396
GJGB10_2005Q3,Japan 10Y Yield,2005Q3,63,1.179,1.499
GJGB10_2005Q4,Japan 10Y Yield,2005Q4,61,1.44,1.63
GJGB10_2006Q1,Japan 10Y Yield,2006Q1,61,1.435,1.79
GJGB10_2006Q2,Japan 10Y Yield,2006Q2,62,1.78,2.009
GJGB10_2006Q3,Japan 10Y Yield,2006Q3,63,1.617,1.985
GJGB10_2006Q4,Japan 10Y Yield,2006Q4,62,1.575,1.84
GJGB10_2007Q1,Japan 10Y Yield,2007Q1,59,1.555,1.76
GJGB10_2007Q2,Japan 10Y Yield,2007Q2,62,1.615,1.974
GJGB10_2007Q3,Japan 10Y Yield,2007Q3,62,1.518,1.968
GJGB10_2007Q4,Japan 10Y Yield,2007Q4,62,1.415,1.744
GJGB10_2008Q1,Japan 10Y Yield,2008Q1,59,1.26,1.494
GJGB10_2008Q2,Japan 10Y Yield,2008Q2,62,1.335,1.885
GJGB10_2008Q3,Japan 10Y Yield,2008Q3,63,1.415,1.704
GJGB10_2008Q4,Japan 10Y Yield,2008Q4,61,1.174,1.593
GJGB10_2009Q1,Japan 10Y Yield,2009Q1,59,1.209,1.355
GJGB10_2009Q2,Japan 10Y Yield,2009Q2,61,1.35,1.563
GJGB10_2009Q3,Japan 10Y Yield,2009Q3,62,1.29,1.464
GJGB10_2009Q4,Japan 10Y Yield,2009Q4,61,1.202,1.478
GJGB10_2010Q1,Japan 10Y Yield,2010Q1,60,1.304,1.408
GJGB10_2010Q2,Japan 10Y Yield,2010Q2,61,1.091,1.406
GJGB10_2010Q3,Japan 10Y Yield,2010Q3,63,0.911,1.199
GJGB10_2010Q4,Japan 10Y Yield,2010Q4,61,0.845,1.279
GJGB10_2011Q1,Japan 10Y Yield,2011Q1,60,1.164,1.355
GJGB10_2011Q2,Japan 10Y Yield,2011Q2,61,1.09,1.338
GJGB10_2011Q3,Japan 10Y Yield,2011Q3,63,0.981,1.182
GJGB10_2011Q4,Japan 10Y Yield,2011Q4,61,0.949,1.072
GJGB10_2012Q1,Japan 10Y Yield,2012Q1,61,0.946,1.052
GJGB10_2012Q2,Japan 10Y Yield,2012Q2,62,0.809,1.032
GJGB10_2012Q3,Japan 10Y Yield,2012Q3,63,0.727,0.863
GJGB10_2012Q4,Japan 10Y Yield,2012Q4,62,0.695,0.798
GJGB10_2013Q1,Japan 10Y Yield,2013Q1,58,0.513,0.836
GJGB10_2013Q2,Japan 10Y Yield,2013Q2,62,0.446,0.933
GJGB10_2013Q3,Japan 10Y Yield,2013Q3,63,0.673,0.894
GJGB10_2013Q4,Japan 10Y Yield,2013Q4,62,0.588,0.741
GJGB10_2014Q1,Japan 10Y Yield,2014Q1,58,0.58,0.727
GJGB10_2014Q2,Japan 10Y Yield,2014Q2,62,0.564,0.648
GJGB10_2014Q3,Japan 10Y Yield,2014Q3,63,0.493,0.582
GJGB10_2014Q4,Japan 10Y Yield,2014Q4,61,0.315,0.533
GJGB10_2015Q1,Japan 10Y Yield,2015Q1,60,0.201,0.469
GJGB10_2015Q2,Japan 10Y Yield,2015Q2,61,0.29,0.536
GJGB10_2015Q3,Japan 10Y Yield,2015Q3,62,0.314,0.525
GJGB10_2015Q4,Japan 10Y Yield,2015Q4,61,0.265,0.341
GJGB10_2016Q1,Japan 10Y Yield,2016Q1,61,-0.114,0.262
GJGB10_2016Q2,Japan 10Y Yield,2016Q2,61,-0.23,-0.047
GJGB10_2016Q3,Japan 10Y Yield,2016Q3,62,-0.287,-0.002
GJGB10_2016Q4,Japan 10Y Yield,2016Q4,61,-0.072,0.09
GJGB10_2017Q1,Japan 10Y Yield,2017Q1,61,0.04,0.116
GJGB10_2017Q2,Japan 10Y Yield,2017Q2,62,0.008,0.086
GJGB10_2017Q3,Japan 10Y Yield,2017Q3,62,-0.009,0.104
GJGB10_2017Q4,Japan 10Y Yield,2017Q4,62,0.024,0.075
GJGB10_2018Q1,Japan 10Y Yield,2018Q1,59,0.024,0.1
GJGB10_2018Q2,Japan 10Y Yield,2018Q2,62,0.03,0.067
GJGB10_2018Q3,Japan 10Y Yield,2018Q3,62,0.025,0.133
GJGB10_2018Q4,Japan 10Y Yield,2018Q4,62,0.003,0.161
GJGB10_2019Q1,Japan 10Y Yield,2019Q1,58,-0.09,0.032
GJGB10_2019Q2,Japan 10Y Yield,2019Q2,59,-0.165,-0.006
GJGB10_2019Q3,Japan 10Y Yield,2019Q3,62,-0.285,-0.114
GJGB10_2019Q4,Japan 10Y Yield,2019Q4,62,-0.222,0.016
GJGB10_2020Q1,Japan 10Y Yield,2020Q1,58,-0.163,0.083
GJGB10_2020Q2,Japan 10Y Yield,2020Q2,61,-0.038,0.052
GJGB10_2020Q3,Japan 10Y Yield,2020Q3,61,0.008,0.059
GJGB10_2020Q4,Japan 10Y Yield,2020Q4,63,0.005,0.045
GJGB10_2021Q1,Japan 10Y Yield,2021Q1,60,0.011,0.162
GJGB10_2021Q2,Japan 10Y Yield,2021Q2,61,0.035,0.126
GJGB10_2021Q3,Japan 10Y Yield,2021Q3,61,0.006,0.085
GJGB10_2021Q4,Japan 10Y Yield,2021Q4,63,0.041,0.108
GJGB10_2022Q1,Japan 10Y Yield,2022Q1,59,0.086,0.252
GJGB10_2022Q2,Japan 10Y Yield,2022Q2,61,0.213,0.259
GJGB10_2022Q3,Japan 10Y Yield,2022Q3,62,0.168,0.259
GJGB10_2022Q4,Japan 10Y Yield,2022Q4,62,0.222,0.48
GJGB10_2023Q1,Japan 10Y Yield,2023Q1,60,0.25,0.527
GJGB10_2023Q2,Japan 10Y Yield,2023Q2,62,0.361,0.485
GJGB10_2023Q3,Japan 10Y Yield,2023Q3,62,0.386,0.765
GJGB10_2023Q4,Japan 10Y Yield,2023Q4,62,0.556,0.961
GJGB10_2024Q1,Japan 10Y Yield,2024Q1,58,0.57,0.786
GJGB10_2024Q2,Japan 10Y Yield,2024Q2,62,0.739,1.085
GJGB10_2024Q3,Japan 10Y Yield,2024Q3,62,0.792,1.101
GJGB10_2024Q4,Japan 10Y Yield,2024Q4,22,0.826,0.983
GJGB2_2000Q1,Japan 2Y Yield,2000Q1,61,0.29,0.495
GJGB2_2000Q2,Japan 2Y Yield,2000Q2,62,0.3,0.52
GJGB2_2000Q3,Japan 2Y Yield,2000Q3,63,0.4,0.665
GJGB2_2000Q4,Japan 2Y Yield,2000Q4,62,0.47,0.62
GJGB2_2001Q1,Japan 2Y Yield,2001Q1,59,0.06,0.445
GJGB2_2001Q2,Japan 2Y Yield,2001Q2,62,0.044,0.189
GJGB2_2001Q3,Japan 2Y Yield,2001Q3,63,0.055,0.167
GJGB2_2001Q4,Japan 2Y Yield,2001Q4,62,0.081,0.164
GJGB2_2002Q1,Japan 2Y Yield,2002Q1,58,0.05,0.165
GJGB2_2002Q2,Japan 2Y Yield,2002Q2,62,0.048,0.082
GJGB2_2002Q3,Japan 2Y Yield,2002Q3,64,0.024,0.07
GJGB2_2002Q4,Japan 2Y Yield,2002Q4,62,0.045,0.065
GJGB2_2003Q1,Japan 2Y Yield,2003Q1,58,0.05,0.071
GJGB2_2003Q2,Japan 2Y Yield,2003Q2,63,0.045,0.084
GJGB2_2003Q3,Japan 2Y Yield,2003Q3,63,0.079,0.275
GJGB2_2003Q4,Japan 2Y Yield,2003Q4,61,0.1,0.18
GJGB2_2004Q1,Japan 2Y Yield,2004Q1,61,0.059,0.14
GJGB2_2004Q2,Japan 2Y Yield,2004Q2,61,0.119,0.261
GJGB2_2004Q3,Japan 2Y Yield,2004Q3,63,0.134,0.225
GJGB2_2004Q4,Japan 2Y Yield,2004Q4,61,0.09,0.151
GJGB2_2005Q1,Japan 2Y Yield,2005Q1,60,0.096,0.145
GJGB2_2005Q2,Japan 2Y Yield,2005Q2,61,0.08,0.105
GJGB2_2005Q3,Japan 2Y Yield,2005Q3,63,0.079,0.235
GJGB2_2005Q4,Japan 2Y Yield,2005Q4,61,0.225,0.336
GJGB2_2006Q1,Japan 2Y Yield,2006Q1,61,0.245,0.698
GJGB2_2006Q2,Japan 2Y Yield,2006Q2,62,0.615,0.9
GJGB2_2006Q3,Japan 2Y Yield,2006Q3,63,0.597,0.909
GJGB2_2006Q4,Japan 2Y Yield,2006Q4,62,0.655,0.855
GJGB2_2007Q1,Japan 2Y Yield,2007Q1,59,0.726,0.845
GJGB2_2007Q2,Japan 2Y Yield,2007Q2,62,0.809,1.088
GJGB2_2007Q3,Japan 2Y Yield,2007Q3,62,0.785,1.084
GJGB2_2007Q4,Japan 2Y Yield,2007Q4,62,0.715,0.91
GJGB2_2008Q1,Japan 2Y Yield,2008Q1,59,0.507,0.695
GJGB2_2008Q2,Japan 2Y Yield,2008Q2,62,0.57,1.021
GJGB2_2008Q3,Japan 2Y Yield,2008Q3,63,0.68,0.865
GJGB2_2008Q4,Japan 2Y Yield,2008Q4,61,0.38,0.852
GJGB2_2009Q1,Japan 2Y Yield,2009Q1,59,0.356,0.435
GJGB2_2009Q2,Japan 2Y Yield,2009Q2,61,0.312,0.468
GJGB2_2009Q3,Japan 2Y Yield,2009Q3,62,0.215,0.301
GJGB2_2009Q4,Japan 2Y Yield,2009Q4,61,0.151,0.289
GJGB2_2010Q1,Japan 2Y Yield,2010Q1,60,0.15,0.181
GJGB2_2010Q2,Japan 2Y Yield,2010Q2,61,0.155,0.176
GJGB2_2010Q3,Japan 2Y Yield,2010Q3,63,0.12,0.155
GJGB2_2010Q4,Japan 2Y Yield,2010Q4,61,0.12,0.238
GJGB2_2011Q1,Japan 2Y Yield,2011Q1,60,0.175,0.254
GJGB2_2011Q2,Japan 2Y Yield,2011Q2,61,0.155,0.217
GJGB2_2011Q3,Japan 2Y Yield,2011Q3,63,0.126,0.169
GJGB2_2011Q4,Japan 2Y Yield,2011Q4,61,0.12,0.154
GJGB2_2012Q1,Japan 2Y Yield,2012Q1,61,0.106,0.136
GJGB2_2012Q2,Japan 2Y Yield,2012Q2,62,0.1,0.124
GJGB2_2012Q3,Japan 2Y Yield,2012Q3,63,0.076,0.114
GJGB2_2012Q4,Japan 2Y Yield,2012Q4,62,0.095,0.11
GJGB2_2013Q1,Japan 2Y Yield,2013Q1,58,0.025,0.098
GJGB2_2013Q2,Japan 2Y Yield,2013Q2,62,0.062,0.15
GJGB2_2013Q3,Japan 2Y Yield,2013Q3,63,0.092,0.147
GJGB2_2013Q4,Japan 2Y Yield,2013Q4,62,0.083,0.11
GJGB2_2014Q1,Japan 2Y Yield,2014Q1,57,0.07,0.105
GJGB2_2014Q2,Japan 2Y Yield,2014Q2,62,0.073,0.092
GJGB2_2014Q3,Japan 2Y Yield,2014Q3,63,0.061,0.079
GJGB2_2014Q4,Japan 2Y Yield,2014Q4,60,-0.038,0.075
GJGB2_2015Q1,Japan 2Y Yield,2015Q1,60,-0.031,0.052
GJGB2_2015Q2,Japan 2Y Yield,2015Q2,61,-0.016,0.038
GJGB2_2015Q3,Japan 2Y Yield,2015Q3,62,-0.005,0.025
GJGB2_2015Q4,Japan 2Y Yield,2015Q4,61,-0.049,0.016
GJGB2_2016Q1,Japan 2Y Yield,2016Q1,61,-0.24,-0.003
GJGB2_2016Q2,Japan 2Y Yield,2016Q2,61,-0.297,-0.218
GJGB2_2016Q3,Japan 2Y Yield,2016Q3,62,-0.361,-0.17
GJGB2_2016Q4,Japan 2Y Yield,2016Q4,61,-0.278,-0.1
GJGB2_2017Q1,Japan 2Y Yield,2017Q1,61,-0.291,-0.186
GJGB2_2017Q2,Japan 2Y Yield,2017Q2,62,-0.225,-0.097
GJGB2_2017Q3,Japan 2Y Yield,2017Q3,62,-0.167,-0.095
GJGB2_2017Q4,Japan 2Y Yield,2017Q4,62,-0.203,-0.104
GJGB2_2018Q1,Japan 2Y Yield,2018Q1,59,-0.165,-0.121
GJGB2_2018Q2,Japan 2Y Yield,2018Q2,62,-0.152,-0.115
GJGB2_2018Q3,Japan 2Y Yield,2018Q3,62,-0.129,-0.093
GJGB2_2018Q4,Japan 2Y Yield,2018Q4,62,-0.154,-0.106
GJGB2_2019Q1,Japan 2Y Yield,2019Q1,58,-0.18,-0.136
GJGB2_2019Q2,Japan 2Y Yield,2019Q2,59,-0.232,-0.142
GJGB2_2019Q3,Japan 2Y Yield,2019Q3,62,-0.335,-0.177
GJGB2_2019Q4,Japan 2Y Yield,2019Q4,62,-0.331,-0.091
GJGB2_2020Q1,Japan 2Y Yield,2020Q1,58,-0.306,-0.117
GJGB2_2020Q2,Japan 2Y Yield,2020Q2,61,-0.175,-0.102
GJGB2_2020Q3,Japan 2Y Yield,2020Q3,61,-0.147,-0.097
GJGB2_2020Q4,Japan 2Y Yield,2020Q4,63,-0.143,-0.105
GJGB2_2021Q1,Japan 2Y Yield,2021Q1,60,-0.141,-0.086
GJGB2_2021Q2,Japan 2Y Yield,2021Q2,61,-0.13,-0.093
GJGB2_2021Q3,Japan 2Y Yield,2021Q3,61,-0.136,-0.1
GJGB2_2021Q4,Japan 2Y Yield,2021Q4,63,-0.13,-0.064
GJGB2_2022Q1,Japan 2Y Yield,2022Q1,59,-0.086,-0.009
GJGB2_2022Q2,Japan 2Y Yield,2022Q2,61,-0.086,-0.024
GJGB2_2022Q3,Japan 2Y Yield,2022Q3,62,-0.099,-0.038
GJGB2_2022Q4,Japan 2Y Yield,2022Q4,62,-0.07,0.047
GJGB2_2023Q1,Japan 2Y Yield,2023Q1,60,-0.079,0.048
GJGB2_2023Q2,Japan 2Y Yield,2023Q2,62,-0.073,-0.024
GJGB2_2023Q3,Japan 2Y Yield,2023Q3,62,-0.067,0.05
GJGB2_2023Q4,Japan 2Y Yield,2023Q4,62,0.029,0.164
GJGB2_2024Q1,Japan 2Y Yield,2024Q1,58,0.002,0.204
GJGB2_2024Q2,Japan 2Y Yield,2024Q2,62,0.195,0.405
GJGB2_2024Q3,Japan 2Y Yield,2024Q3,62,0.278,0.471
GJGB2_2024Q4,Japan 2Y Yield,2024Q4,22,0.371,0.463
GJGB30_2000Q1,Japan 30Y Yield,2000Q1,61,2.134,2.481
GJGB30_2000Q2,Japan 30Y Yield,2000Q2,62,2.01,2.354
GJGB30_2000Q3,Japan 30Y Yield,2000Q3,63,2.239,2.75
GJGB30_2000Q4,Japan 30Y Yield,2000Q4,62,2.463,3.133
GJGB30_2001Q1,Japan 30Y Yield,2001Q1,59,1.669,2.557
GJGB30_2001Q2,Japan 30Y Yield,2001Q2,62,1.945,2.432
GJGB30_2001Q3,Japan 30Y Yield,2001Q3,63,2.262,2.549
GJGB30_2001Q4,Japan 30Y Yield,2001Q4,62,2.387,2.598
GJGB30_2002Q1,Japan 30Y Yield,2002Q1,58,2.443,2.762
GJGB30_2002Q2,Japan 30Y Yield,2002Q2,62,2.204,2.478
GJGB30_2002Q3,Japan 30Y Yield,2002Q3,64,1.758,2.228
GJGB30_2002Q4,Japan 30Y Yield,2002Q4,62,1.724,2.128
GJGB30_2003Q1,Japan 30Y Yield,2003Q1,58,1.245,1.72
GJGB30_2003Q2,Japan 30Y Yield,2003Q2,63,0.979,1.409
GJGB30_2003Q3,Japan 30Y Yield,2003Q3,63,1.449,2.293
GJGB30_2003Q4,Japan 30Y Yield,2003Q4,61,2.001,2.5
GJGB30_2004Q1,Japan 30Y Yield,2004Q1,61,2.0,2.35
GJGB30_2004Q2,Japan 30Y Yield,2004Q2,61,2.275,2.815
GJGB30_2004Q3,Japan 30Y Yield,2004Q3,63,2.336,2.944
GJGB30_2004Q4,Japan 30Y Yield,2004Q4,61,2.314,2.57
GJGB30_2005Q1,Japan 30Y Yield,2005Q1,60,2.2,2.5
GJGB30_2005Q2,Japan 30Y Yield,2005Q2,61,2.19,2.39
GJGB30_2005Q3,Japan 30Y Yield,2005Q3,63,2.205,2.554
GJGB30_2005Q4,Japan 30Y Yield,2005Q4,61,2.304,2.575
GJGB30_2006Q1,Japan 30Y Yield,2006Q1,61,2.159,2.409
GJGB30_2006Q2,Japan 30Y Yield,2006Q2,62,2.315,2.65
GJGB30_2006Q3,Japan 30Y Yield,2006Q3,63,2.361,2.623
GJGB30_2006Q4,Japan 30Y Yield,2006Q4,62,2.18,2.54
GJGB30_2007Q1,Japan 30Y Yield,2007Q1,59,2.244,2.455
GJGB30_2007Q2,Japan 30Y Yield,2007Q2,62,2.275,2.554
GJGB30_2007Q3,Japan 30Y Yield,2007Q3,62,2.309,2.583
GJGB30_2007Q4,Japan 30Y Yield,2007Q4,62,2.219,2.518
GJGB30_2008Q1,Japan 30Y Yield,2008Q1,59,2.253,2.559
GJGB30_2008Q2,Japan 30Y Yield,2008Q2,62,2.369,2.614
GJGB30_2008Q3,Japan 30Y Yield,2008Q3,63,2.228,2.495
GJGB30_2008Q4,Japan 30Y Yield,2008Q4,61,1.739,2.351
GJGB30_2009Q1,Japan 30Y Yield,2009Q1,59,1.809,2.054
GJGB30_2009Q2,Japan 30Y Yield,2009Q2,61,2.039,2.316
GJGB30_2009Q3,Japan 30Y Yield,2009Q3,62,2.12,2.37
GJGB30_2009Q4,Japan 30Y Yield,2009Q4,61,2.105,2.31
GJGB30_2010Q1,Japan 30Y Yield,2010Q1,60,2.265,2.355
GJGB30_2010Q2,Japan 30Y Yield,2010Q2,61,1.881,2.27
GJGB30_2010Q3,Japan 30Y Yield,2010Q3,63,1.545,2.041
GJGB30_2010Q4,Japan 30Y Yield,2010Q4,61,1.804,2.264
GJGB30_2011Q1,Japan 30Y Yield,2011Q1,60,2.046,2.235
GJGB30_2011Q2,Japan 30Y Yield,2011Q2,61,1.995,2.27
GJGB30_2011Q3,Japan 30Y Yield,2011Q3,63,1.86,2.104
GJGB30_2011Q4,Japan 30Y Yield,2011Q4,61,1.906,2.005
GJGB30_2012Q1,Japan 30Y Yield,2012Q1,61,1.891,1.983
GJGB30_2012Q2,Japan 30Y Yield,2012Q2,62,1.742,1.982
GJGB30_2012Q3,Japan 30Y Yield,2012Q3,63,1.72,1.948
GJGB30_2012Q4,Japan 30Y Yield,2012Q4,62,1.887,1.992
GJGB30_2013Q1,Japan 30Y Yield,2013Q1,58,1.506,2.014
GJGB30_2013Q2,Japan 30Y Yield,2013Q2,62,1.215,1.904
GJGB30_2013Q3,Japan 30Y Yield,2013Q3,63,1.689,1.903
GJGB30_2013Q4,Japan 30Y Yield,2013Q4,62,1.585,1.743
GJGB30_2014Q1,Japan 30Y Yield,2014Q1,58,1.579,1.725
GJGB30_2014Q2,Japan 30Y Yield,2014Q2,62,1.661,1.717
GJGB30_2014Q3,Japan 30Y Yield,2014Q3,63,1.611,1.72
GJGB30_2014Q4,Japan 30Y Yield,2014Q4,61,1.237,1.654
GJGB30_2015Q1,Japan 30Y Yield,2015Q1,60,1.071,1.521
GJGB30_2015Q2,Japan 30Y Yield,2015Q2,61,1.274,1.545
GJGB30_2015Q3,Japan 30Y Yield,2015Q3,62,1.36,1.496
GJGB30_2015Q4,Japan 30Y Yield,2015Q4,61,1.268,1.415
GJGB30_2016Q1,Japan 30Y Yield,2016Q1,61,0.383,1.268
GJGB30_2016Q2,Japan 30Y Yield,2016Q2,61,0.064,0.457
GJGB30_2016Q3,Japan 30Y Yield,2016Q3,62,0.052,0.577
GJGB30_2016Q4,Japan 30Y Yield,2016Q4,61,0.458,0.809
GJGB30_2017Q1,Japan 30Y Yield,2017Q1,61,0.732,0.925
GJGB30_2017Q2,Japan 30Y Yield,2017Q2,62,0.73,0.874
GJGB30_2017Q3,Japan 30Y Yield,2017Q3,62,0.811,0.913
GJGB30_2017Q4,Japan 30Y Yield,2017Q4,62,0.8,0.894
GJGB30_2018Q1,Japan 30Y Yield,2018Q1,59,0.733,0.85
GJGB30_2018Q2,Japan 30Y Yield,2018Q2,62,0.698,0.769
GJGB30_2018Q3,Japan 30Y Yield,2018Q3,62,0.67,0.912
GJGB30_2018Q4,Japan 30Y Yield,2018Q4,62,0.711,0.955
GJGB30_2019Q1,Japan 30Y Yield,2019Q1,58,0.496,0.708
GJGB30_2019Q2,Japan 30Y Yield,2019Q2,59,0.305,0.596
GJGB30_2019Q3,Japan 30Y Yield,2019Q3,62,0.112,0.392
GJGB30_2019Q4,Japan 30Y Yield,2019Q4,62,0.348,0.492
GJGB30_2020Q1,Japan 30Y Yield,2020Q1,58,0.251,0.476
GJGB30_2020Q2,Japan 30Y Yield,2020Q2,61,0.396,0.596
GJGB30_2020Q3,Japan 30Y Yield,2020Q3,61,0.532,0.65
GJGB30_2020Q4,Japan 30Y Yield,2020Q4,63,0.609,0.659
GJGB30_2021Q1,Japan 30Y Yield,2021Q1,60,0.629,0.757
GJGB30_2021Q2,Japan 30Y Yield,2021Q2,61,0.632,0.705
GJGB30_2021Q3,Japan 30Y Yield,2021Q3,61,0.63,0.695
GJGB30_2021Q4,Japan 30Y Yield,2021Q4,63,0.653,0.715
GJGB30_2022Q1,Japan 30Y Yield,2022Q1,59,0.698,1.078
GJGB30_2022Q2,Japan 30Y Yield,2022Q2,61,0.938,1.309
GJGB30_2022Q3,Japan 30Y Yield,2022Q3,62,1.072,1.485
GJGB30_2022Q4,Japan 30Y Yield,2022Q4,62,1.329,1.663
GJGB30_2023Q1,Japan 30Y Yield,2023Q1,60,1.116,1.67
GJGB30_2023Q2,Japan 30Y Yield,2023Q2,62,1.19,1.365
GJGB30_2023Q3,Japan 30Y Yield,2023Q3,62,1.211,1.734
GJGB30_2023Q4,Japan 30Y Yield,2023Q4,62,1.498,1.9
GJGB30_2024Q1,Japan 30Y Yield,2024Q1,58,1.577,1.852
GJGB30_2024Q2,Japan 30Y Yield,2024Q2,62,1.816,2.277
GJGB30_2024Q3,Japan 30Y Yield,2024Q3,62,1.935,2.277
GJGB30_2024Q4,Japan 30Y Yield,2024Q4,22,2.071,2.229
GJGB5_2000Q1,Japan 5Y Yield,2000Q1,61,0.895,1.245
GJGB5_2000Q2,Japan 5Y Yield,2000Q2,62,0.97,1.2
GJGB5_2000Q3,Japan 5Y Yield,2000Q3,63,1.005,1.325
GJGB5_2000Q4,Japan 5Y Yield,2000Q4,62,0.915,1.16
GJGB5_2001Q1,Japan 5Y Yield,2001Q1,59,0.4,0.925
GJGB5_2001Q2,Japan 5Y Yield,2001Q2,62,0.329,0.679
GJGB5_2001Q3,Japan 5Y Yield,2001Q3,63,0.369,0.56
GJGB5_2001Q4,Japan 5Y Yield,2001Q4,62,0.445,0.555
GJGB5_2002Q1,Japan 5Y Yield,2002Q1,58,0.504,0.71
GJGB5_2002Q2,Japan 5Y Yield,2002Q2,62,0.414,0.543
GJGB5_2002Q3,Japan 5Y Yield,2002Q3,64,0.283,0.447
GJGB5_2002Q4,Japan 5Y Yield,2002Q4,62,0.269,0.348
GJGB5_2003Q1,Japan 5Y Yield,2003Q1,58,0.245,0.314
GJGB5_2003Q2,Japan 5Y Yield,2003Q2,63,0.155,0.355
GJGB5_2003Q3,Japan 5Y Yield,2003Q3,63,0.314,0.982
GJGB5_2003Q4,Japan 5Y Yield,2003Q4,61,0.548,0.76
GJGB5_2004Q1,Japan 5Y Yield,2004Q1,61,0.436,0.679
GJGB5_2004Q2,Japan 5Y Yield,2004Q2,61,0.591,0.996
GJGB5_2004Q3,Japan 5Y Yield,2004Q3,63,0.604,0.925
GJGB5_2004Q4,Japan 5Y Yield,2004Q4,61,0.529,0.72
GJGB5_2005Q1,Japan 5Y Yield,2005Q1,60,0.514,0.685
GJGB5_2005Q2,Japan 5Y Yield,2005Q2,61,0.41,0.565
GJGB5_2005Q3,Japan 5Y Yield,2005Q3,63,0.42,0.79
GJGB5_2005Q4,Japan 5Y Yield,2005Q4,61,0.735,0.975
GJGB5_2006Q1,Japan 5Y Yield,2006Q1,61,0.795,1.32
GJGB5_2006Q2,Japan 5Y Yield,2006Q2,62,1.244,1.493
GJGB5_2006Q3,Japan 5Y Yield,2006Q3,63,1.062,1.52
GJGB5_2006Q4,Japan 5Y Yield,2006Q4,62,1.154,1.33
GJGB5_2007Q1,Japan 5Y Yield,2007Q1,59,1.134,1.314
GJGB5_2007Q2,Japan 5Y Yield,2007Q2,62,1.184,1.582
GJGB5_2007Q3,Japan 5Y Yield,2007Q3,62,1.06,1.564
GJGB5_2007Q4,Japan 5Y Yield,2007Q4,62,0.975,1.29
GJGB5_2008Q1,Japan 5Y Yield,2008Q1,59,0.729,0.975
GJGB5_2008Q2,Japan 5Y Yield,2008Q2,62,0.809,1.544
GJGB5_2008Q3,Japan 5Y Yield,2008Q3,63,0.981,1.294
GJGB5_2008Q4,Japan 5Y Yield,2008Q4,61,0.689,1.179
GJGB5_2009Q1,Japan 5Y Yield,2009Q1,59,0.67,0.793
GJGB5_2009Q2,Japan 5Y Yield,2009Q2,61,0.715,0.904
GJGB5_2009Q3,Japan 5Y Yield,2009Q3,62,0.57,0.75
GJGB5_2009Q4,Japan 5Y Yield,2009Q4,61,0.44,0.723
GJGB5_2010Q1,Japan 5Y Yield,2010Q1,60,0.474,0.564
GJGB5_2010Q2,Japan 5Y Yield,2010Q2,61,0.354,0.56
GJGB5_2010Q3,Japan 5Y Yield,2010Q3,63,0.259,0.389
GJGB5_2010Q4,Japan 5Y Yield,2010Q4,61,0.209,0.588
GJGB5_2011Q1,Japan 5Y Yield,2011Q1,60,0.425,0.628
GJGB5_2011Q2,Japan 5Y Yield,2011Q2,61,0.385,0.56
GJGB5_2011Q3,Japan 5Y Yield,2011Q3,63,0.294,0.447
GJGB5_2011Q4,Japan 5Y Yield,2011Q4,61,0.308,0.388
GJGB5_2012Q1,Japan 5Y Yield,2012Q1,61,0.288,0.369
GJGB5_2012Q2,Japan 5Y Yield,2012Q2,62,0.19,0.348
GJGB5_2012Q3,Japan 5Y Yield,2012Q3,63,0.162,0.242
GJGB5_2012Q4,Japan 5Y Yield,2012Q4,62,0.156,0.213
GJGB5_2013Q1,Japan 5Y Yield,2013Q1,58,0.103,0.207
GJGB5_2013Q2,Japan 5Y Yield,2013Q2,62,0.13,0.425
GJGB5_2013Q3,Japan 5Y Yield,2013Q3,63,0.238,0.344
GJGB5_2013Q4,Japan 5Y Yield,2013Q4,62,0.185,0.246
GJGB5_2014Q1,Japan 5Y Yield,2014Q1,58,0.172,0.226
GJGB5_2014Q2,Japan 5Y Yield,2014Q2,62,0.169,0.205
GJGB5_2014Q3,Japan 5Y Yield,2014Q3,63,0.149,0.187
GJGB5_2014Q4,Japan 5Y Yield,2014Q4,61,0.03,0.175
GJGB5_2015Q1,Japan 5Y Yield,2015Q1,60,0.005,0.152
GJGB5_2015Q2,Japan 5Y Yield,2015Q2,61,0.057,0.154
GJGB5_2015Q3,Japan 5Y Yield,2015Q3,62,0.059,0.15
GJGB5_2015Q4,Japan 5Y Yield,2015Q4,61,0.028,0.07
GJGB5_2016Q1,Japan 5Y Yield,2016Q1,61,-0.25,0.029
GJGB5_2016Q2,Japan 5Y Yield,2016Q2,61,-0.315,-0.194
GJGB5_2016Q3,Japan 5Y Yield,2016Q3,62,-0.37,-0.149
GJGB5_2016Q4,Japan 5Y Yield,2016Q4,61,-0.229,-0.04
GJGB5_2017Q1,Japan 5Y Yield,2017Q1,61,-0.158,-0.073
GJGB5_2017Q2,Japan 5Y Yield,2017Q2,62,-0.175,-0.064
GJGB5_2017Q3,Japan 5Y Yield,2017Q3,62,-0.151,-0.031
GJGB5_2017Q4,Japan 5Y Yield,2017Q4,62,-0.135,-0.061
GJGB5_2018Q1,Japan 5Y Yield,2018Q1,59,-0.126,-0.064
GJGB5_2018Q2,Japan 5Y Yield,2018Q2,62,-0.119,-0.086
GJGB5_2018Q3,Japan 5Y Yield,2018Q3,62,-0.12,-0.048
GJGB5_2018Q4,Japan 5Y Yield,2018Q4,62,-0.145,-0.052
GJGB5_2019Q1,Japan 5Y Yield,2019Q1,58,-0.195,-0.135
GJGB5_2019Q2,Japan 5Y Yield,2019Q2,59,-0.262,-0.131
GJGB5_2019Q3,Japan 5Y Yield,2019Q3,62,-0.382,-0.203
GJGB5_2019Q4,Japan 5Y Yield,2019Q4,62,-0.372,-0.074
GJGB5_2020Q1,Japan 5Y Yield,2020Q1,58,-0.301,-0.052
GJGB5_2020Q2,Japan 5Y Yield,2020Q2,61,-0.161,-0.079
GJGB5_2020Q3,Japan 5Y Yield,2020Q3,61,-0.124,-0.067
GJGB5_2020Q4,Japan 5Y Yield,2020Q4,63,-0.123,-0.083
GJGB5_2021Q1,Japan 5Y Yield,2021Q1,60,-0.116,-0.05
GJGB5_2021Q2,Japan 5Y Yield,2021Q2,61,-0.112,-0.078
GJGB5_2021Q3,Japan 5Y Yield,2021Q3,61,-0.131,-0.071
GJGB5_2021Q4,Japan 5Y Yield,2021Q4,63,-0.104,-0.053
GJGB5_2022Q1,Japan 5Y Yield,2022Q1,59,-0.063,0.068
GJGB5_2022Q2,Japan 5Y Yield,2022Q2,61,-0.009,0.081
GJGB5_2022Q3,Japan 5Y Yield,2022Q3,62,-0.034,0.092
GJGB5_2022Q4,Japan 5Y Yield,2022Q4,62,0.036,0.252
GJGB5_2023Q1,Japan 5Y Yield,2023Q1,60,0.064,0.334
GJGB5_2023Q2,Japan 5Y Yield,2023Q2,62,0.053,0.174
GJGB5_2023Q3,Japan 5Y Yield,2023Q3,62,0.057,0.316
GJGB5_2023Q4,Japan 5Y Yield,2023Q4,62,0.198,0.488
GJGB5_2024Q1,Japan 5Y Yield,2024Q1,58,0.169,0.39
GJGB5_2024Q2,Japan 5Y Yield,2024Q2,62,0.361,0.647
GJGB5_2024Q3,Japan 5Y Yield,2024Q3,62,0.416,0.668
GJGB5_2024Q4,Japan 5Y Yield,2024Q4,22,0.486,0.606
GJTB3MO_2000Q1,Japan 3M Yield,2000Q1,60,0.04,0.181
GJTB3MO_2000Q2,Japan 3M Yield,2000Q2,62,0.03,0.17
GJTB3MO_2000Q3,Japan 3M Yield,2000Q3,63,0.105,0.345
GJTB3MO_2000Q4,Japan 3M Yield,2000Q4,62,0.295,0.6
GJTB3MO_2001Q1,Japan 3M Yield,2001Q1,59,0.045,0.455
GJTB3MO_2001Q2,Japan 3M Yield,2001Q2,62,0.005,0.051
GJTB3MO_2001Q3,Japan 3M Yield,2001Q3,63,0.002,0.035
GJTB3MO_2001Q4,Japan 3M Yield,2001Q4,62,0.005,0.04
GJTB3MO_2002Q1,Japan 3M Yield,2002Q1,58,0.001,0.013
GJTB3MO_2002Q2,Japan 3M Yield,2002Q2,62,0.001,0.012
GJTB3MO_2002Q3,Japan 3M Yield,2002Q3,64,0.001,0.01
GJTB3MO_2002Q4,Japan 3M Yield,2002Q4,62,0.001,0.017
GJTB3MO_2003Q1,Japan 3M Yield,2003Q1,58,0.001,0.014
GJTB3MO_2003Q2,Japan 3M Yield,2003Q2,63,0.005,0.013
GJTB3MO_2003Q3,Japan 3M Yield,2003Q3,63,0.003,0.028
GJTB3MO_2003Q4,Japan 3M Yield,2003Q4,61,0.001,0.016
GJTB3MO_2004Q1,Japan 3M Yield,2004Q1,61,0.001,0.013
GJTB3MO_2004Q2,Japan 3M Yield,2004Q2,61,0.004,0.016
GJTB3MO_2004Q3,Japan 3M Yield,2004Q3,63,0.005,0.012
GJTB3MO_2004Q4,Japan 3M Yield,2004Q4,61,0.0,0.006
GJTB3MO_2005Q1,Japan 3M Yield,2005Q1,60,0.001,0.005
GJTB3MO_2005Q2,Japan 3M Yield,2005Q2,61,0.001,0.003
GJTB3MO_2005Q3,Japan 3M Yield,2005Q3,63,0.001,0.004
GJTB3MO_2005Q4,Japan 3M Yield,2005Q4,61,0.001,0.003
GJTB3MO_2006Q1,Japan 3M Yield,2006Q1,61,0.002,0.07
GJTB3MO_2006Q2,Japan 3M Yield,2006Q2,62,0.025,0.331
GJTB3MO_2006Q3,Japan 3M Yield,2006Q3,63,0.33,0.389
GJTB3MO_2006Q4,Japan 3M Yield,2006Q4,62,0.32,0.51
GJTB3MO_2007Q1,Japan 3M Yield,2007Q1,59,0.43,0.593
GJTB3MO_2007Q2,Japan 3M Yield,2007Q2,62,0.547,0.635
GJTB3MO_2007Q3,Japan 3M Yield,2007Q3,62,0.541,0.727
GJTB3MO_2007Q4,Japan 3M Yield,2007Q4,62,0.548,0.6
GJTB3MO_2008Q1,Japan 3M Yield,2008Q1,59,0.532,0.617
GJTB3MO_2008Q2,Japan 3M Yield,2008Q2,62,0.56,0.593
GJTB3MO_2008Q3,Japan 3M Yield,2008Q3,63,0.56,0.615
GJTB3MO_2008Q4,Japan 3M Yield,2008Q4,61,0.198,0.719
GJTB3MO_2009Q1,Japan 3M Yield,2009Q1,59,0.184,0.3
GJTB3MO_2009Q2,Japan 3M Yield,2009Q2,61,0.15,0.232
GJTB3MO_2009Q3,Japan 3M Yield,2009Q3,62,0.14,0.16
GJTB3MO_2009Q4,Japan 3M Yield,2009Q4,61,0.119,0.16
GJTB3MO_2010Q1,Japan 3M Yield,2010Q1,60,0.115,0.125
GJTB3MO_2010Q2,Japan 3M Yield,2010Q2,61,0.11,0.12
GJTB3MO_2010Q3,Japan 3M Yield,2010Q3,63,0.105,0.115
GJTB3MO_2010Q4,Japan 3M Yield,2010Q4,61,0.104,0.13
GJTB3MO_2011Q1,Japan 3M Yield,2011Q1,60,0.108,0.127
GJTB3MO_2011Q2,Japan 3M Yield,2011Q2,61,0.09,0.11
GJTB3MO_2011Q3,Japan 3M Yield,2011Q3,63,0.1,0.1
GJTB3MO_2011Q4,Japan 3M Yield,2011Q4,61,0.1,0.1
GJTB3MO_2012Q1,Japan 3M Yield,2012Q1,61,0.1,0.1
GJTB3MO_2012Q2,Japan 3M Yield,2012Q2,62,0.1,0.1
GJTB3MO_2012Q3,Japan 3M Yield,2012Q3,63,0.1,0.1
GJTB3MO_2012Q4,Japan 3M Yield,2012Q4,62,0.1,0.1
GJTB3MO_2013Q1,Japan 3M Yield,2013Q1,58,0.04,0.1
GJTB3MO_2013Q2,Japan 3M Yield,2013Q2,62,0.04,0.0951
GJTB3MO_2013Q3,Japan 3M Yield,2013Q3,63,0.0331,0.0953
GJTB3MO_2013Q4,Japan 3M Yield,2013Q4,62,0.0353,0.0753
GJTB3MO_2014Q1,Japan 3M Yield,2014Q1,58,0.0211,0.0652
GJTB3MO_2014Q2,Japan 3M Yield,2014Q2,62,0.0241,0.0651
GJTB3MO_2014Q3,Japan 3M Yield,2014Q3,63,-0.0099,0.0451
GJTB3MO_2014Q4,Japan 3M Yield,2014Q4,61,-0.0836,0.0073
GJTB3MO_2015Q1,Japan 3M Yield,2015Q1,60,-0.0576,0.02
GJTB3MO_2015Q2,Japan 3M Yield,2015Q2,61,-0.0199,0.0052
GJTB3MO_2015Q3,Japan 3M Yield,2015Q3,62,-0.0769,0.0
GJTB3MO_2015Q4,Japan 3M Yield,2015Q4,61,-0.1117,-0.0007
GJTB3MO_2016Q1,Japan 3M Yield,2016Q1,61,-0.1979,-0.0206
GJTB3MO_2016Q2,Japan 3M Yield,2016Q2,61,-0.4788,-0.0938
GJTB3MO_2016Q3,Japan 3M Yield,2016Q3,62,-0.3976,-0.2267
GJTB3MO_2016Q4,Japan 3M Yield,2016Q4,61,-0.4468,-0.2636
GJTB3MO_2017Q1,Japan 3M Yield,2017Q1,61,-0.4077,-0.1957
GJTB3MO_2017Q2,Japan 3M Yield,2017Q2,62,-0.1689,-0.0888
GJTB3MO_2017Q3,Japan 3M Yield,2017Q3,62,-0.2299,-0.0905
GJTB3MO_2017Q4,Japan 3M Yield,2017Q4,62,-0.2538,-0.1467
GJTB3MO_2018Q1,Japan 3M Yield,2018Q1,59,-0.2039,-0.1305
GJTB3MO_2018Q2,Japan 3M Yield,2018Q2,62,-0.1799,-0.1205
GJTB3MO_2018Q3,Japan 3M Yield,2018Q3,62,-0.191,-0.1286
GJTB3MO_2018Q4,Japan 3M Yield,2018Q4,62,-0.3297,-0.1526
GJTB3MO_2019Q1,Japan 3M Yield,2019Q1,58,-0.2799,-0.1196
GJTB3MO_2019Q2,Japan 3M Yield,2019Q2,59,-0.1996,-0.125
GJTB3MO_2019Q3,Japan 3M Yield,2019Q3,62,-0.3906,-0.0998
GJTB3MO_2019Q4,Japan 3M Yield,2019Q4,62,-0.3898,-0.1068
GJTB3MO_2020Q1,Japan 3M Yield,2020Q1,58,-0.4396,-0.0995
GJTB3MO_2020Q2,Japan 3M Yield,2020Q2,61,-0.1996,-0.0937
GJTB3MO_2020Q3,Japan 3M Yield,2020Q3,61,-0.1846,-0.0609
GJTB3MO_2020Q4,Japan 3M Yield,2020Q4,63,-0.177,-0.0817
GJTB3MO_2021Q1,Japan 3M Yield,2021Q1,60,-0.1098,-0.0838
GJTB3MO_2021Q2,Japan 3M Yield,2021Q2,61,-0.1348,-0.0868
GJTB3MO_2021Q3,Japan 3M Yield,2021Q3,61,-0.1497,-0.0998
GJTB3MO_2021Q4,Japan 3M Yield,2021Q4,63,-0.1597,-0.1066
GJTB3MO_2022Q1,Japan 3M Yield,2022Q1,59,-0.1599,-0.0787
GJTB3MO_2022Q2,Japan 3M Yield,2022Q2,61,-0.1998,-0.0926
GJTB3MO_2022Q3,Japan 3M Yield,2022Q3,62,-0.2499,-0.1146
GJTB3MO_2022Q4,Japan 3M Yield,2022Q4,62,-0.2749,-0.1147
GJTB3MO_2023Q1,Japan 3M Yield,2023Q1,60,-0.285,-0.1195
GJTB3MO_2023Q2,Japan 3M Yield,2023Q2,62,-0.2998,-0.1099
GJTB3MO_2023Q3,Japan 3M Yield,2023Q3,62,-0.3,-0.1037
GJTB3MO_2023Q4,Japan 3M Yield,2023Q4,62,-0.3079,-0.1556
GJTB3MO_2024Q1,Japan 3M Yield,2024Q1,58,-0.2247,0.0053
GJTB3MO_2024Q2,Japan 3M Yield,2024Q2,62,-0.0549,0.0404
GJTB3MO_2024Q3,Japan 3M Yield,2024Q3,62,0.01,0.1503
GJTB3MO_2024Q4,Japan 3M Yield,2024Q4,22,-0.0048,0.0353
